panasonic,razor,Panasonic國際牌 ES-LV9E括弧刀,ES-LV9E,Panasonic國際牌 ES-LV9E,https://www.panasonic.com/content/dam/pim/tw/zh/ES/ES-LV9/ES-LV9E/ES-LV9E_SeeAll.png?resize=272%3A204
panasonic,razor,Panasonic國際牌 ES-LV5E括弧刀,ES-LV5E,Panasonic國際牌 ES-LV5E,https://www.panasonic.com/content/dam/pim/tw/zh/ES/ES-LV5/ES-LV5E/ES-LV5E_SeeAll.png?resize=272%3A204
panasonic,razor,Panasonic國際牌 ES-LV97括弧刀,ES-LV97,Panasonic國際牌 ES-LV97,https://www.panasonic.com/content/dam/pim/tw/zh/ES/ES-LV9/ES-LV97/ES-LV97_SeeAll.png?resize=272%3A204
panasonic,razor,Panasonic國際牌 ES-LV67括弧刀,ES-LV67,Panasonic國際牌 ES-LV67,https://www.panasonic.com/content/dam/pim/tw/zh/ES/ES-LV6/ES-LV67/ES-LV67_SeeAll.png?resize=272%3A204
panasonic,razor,Panasonic國際牌 ES-LV9C括弧刀,ES-LV9C,Panasonic國際牌 ES-LV9C,https://www.panasonic.com/content/dam/pim/tw/zh/ES/ES-LV9/ES-LV9C/ES-LV9C_SeeAll_180627.png?resize=272%3A204
panasonic,razor,Panasonic國際牌 ES-LV5C括弧刀,ES-LV5C,Panasonic國際牌 ES-LV5C,https://www.panasonic.com/content/dam/pim/tw/zh/ES/ES-LV5/ES-LV5C/ES-LV5C_SeeAll_190607.png?resize=272%3A204
panasonic,razor,Panasonic國際牌 ES-LT2A括弧刀,ES-LT2A,Panasonic國際牌 ES-LT2A,https://www.panasonic.com/content/dam/pim/tw/zh/ES/ES-LT2/ES-LT2A/ES-LT2A_SeeAll1_20190527.png?resize=272%3A204
panasonic,razor,Panasonic國際牌 ES-ST6R括弧刀,ES-ST6R,Panasonic國際牌 ES-ST6R,https://www.panasonic.com/content/dam/pim/tw/zh/ES/ES-ST6/ES-ST6R/ES-ST6R_SeeAll.png?resize=272%3A204
panasonic,razor,Panasonic國際牌 ES-ST2R括弧刀,ES-ST2R,Panasonic國際牌 ES-ST2R,https://www.panasonic.com/content/dam/pim/tw/zh/ES/ES-ST2/ES-ST2R/ES-ST2R_SeeAll_0629.png?resize=272%3A204
panasonic,razor,Panasonic國際牌 ES-RT34括弧刀,ES-RT34,Panasonic國際牌 ES-RT34,https://www.panasonic.com/content/dam/pim/tw/zh/ES/ES-RT3/ES-RT34/ES-RT34-Variation_Image_for_See_All_1Global_Europe-1_tw_zh.png?resize=272%3A204
panasonic,razor,Panasonic國際牌 ES-RT25括弧刀,ES-RT25,Panasonic國際牌 ES-RT25,https://www.panasonic.com/content/dam/pim/tw/zh/ES/ES-RT2/ES-RT25/ES-RT25-Variation_Image_2Global-1_tw_zh.png?resize=272%3A204
panasonic,razor,Panasonic國際牌 ES-SL83括弧刀,ES-SL83,Panasonic國際牌 ES-SL83,https://www.panasonic.com/content/dam/pim/tw/zh/ES/ES-SL8/ES-SL83/ES-SL33_SeeAll-01.png?resize=272%3A204
panasonic,razor,Panasonic國際牌 ES-SL33括弧刀,ES-SL33,Panasonic國際牌 ES-SL33,https://www.panasonic.com/content/dam/pim/tw/zh/ES/ES-SL3/ES-SL33/ES-SL33_SeeAll_0705.png?resize=272%3A204
panasonic,razor,Panasonic國際牌 ES-3831括弧刀,ES-3831,Panasonic國際牌 ES-3831,https://www.panasonic.com/content/dam/pim/tw/zh/ES/ES-383/ES-3831/ES-3831_SeeAll.png?resize=272%3A204
panasonic,razor,Panasonic國際牌 ES-SA40括弧刀,ES-SA40,Panasonic國際牌 ES-SA40,https://www.panasonic.com/content/dam/pim/tw/zh/ES/ES-SA4/ES-SA40/ES-SA40_SeeAll.png?resize=272%3A204
panasonic,razor,Panasonic國際牌 ES-RC30括弧刀,ES-RC30,Panasonic國際牌 ES-RC30,https://www.panasonic.com/content/dam/pim/tw/zh/ES/ES-RC3/ES-RC30/ES-RC30-Variation_Image_for_See_All_1Global-1_tw_zh.png?resize=272%3A204
panasonic,razor,Panasonic國際牌 ES-518-NP括弧刀,ES-518-NP,Panasonic國際牌 ES-518-NP,https://www.panasonic.com/content/dam/pim/tw/zh/ES/ES-518/ES-518-NP/ES-518-NP_SeeAll.png?resize=272%3A204
panasonic,razor,Panasonic國際牌 ES-6510括弧刀,ES-6510,Panasonic國際牌 ES-6510,https://www.panasonic.com/content/dam/pim/tw/zh/ES/ES-651/ES-6510/ES-6510_SeeAll.png?resize=272%3A204
panasonic,razor,Panasonic國際牌 ES-699-AP括弧刀,ES-699-AP,Panasonic國際牌 ES-699-AP,https://www.panasonic.com/content/dam/pim/tw/zh/ES/ES-699/ES-699-AP/ES-699-AP_SeeAll.png?resize=272%3A204
panasonic,razor,Panasonic國際牌 ES-6850-SP括弧刀,ES-6850-SP,Panasonic國際牌 ES-6850-SP,https://www.panasonic.com/content/dam/pim/tw/zh/ES/ES-685/ES-6850-SP/ES-6850-SP_SeeAll.png?resize=272%3A204
panasonic,razor,Panasonic國際牌 ES-534-DP括弧刀,ES-534-DP,Panasonic國際牌 ES-534-DP,https://www.panasonic.com/content/dam/pim/tw/zh/ES/ES-534/ES-534-DP/ES-534-DP_SeeAll.png?resize=272%3A204
