philps,razor,Philips飛利浦電鬍刀 S566,S566,Philips飛利浦 S566,https://images.philips.com/is/image/PhilipsConsumer/S566_12-IMS-zh_TW?&wid=254&hei=254&$jpglarge$
philps,razor,Philips飛利浦乾濕兩用電鬍刀 3000 系列 S3231,S3231,Philips飛利浦 S3231,https://images.philips.com/is/image/PhilipsConsumer/S3231_52-IMS-zh_TW?&wid=254&hei=254&$jpglarge$
philps,razor,Philips飛利浦電鬍刀 S528,S528,Philips飛利浦 S528,https://images.philips.com/is/image/PhilipsConsumer/S528_12-IMS-zh_TW?&wid=254&hei=254&$jpglarge$
philps,razor,Philips飛利浦電鬍刀 S526,S526,Philips飛利浦 S526,https://images.philips.com/is/image/PhilipsConsumer/S526_12-IMS-zh_TW?&wid=254&hei=254&$jpglarge$
philps,razor,Philips飛利浦乾式電鬍刀 1000 系列 S1332,S1332,Philips飛利浦 S1332,https://images.philips.com/is/image/PhilipsConsumer/S1332_41-IMS-zh_TW?&wid=254&hei=254&$jpglarge$
philps,razor,Philips飛利浦電鬍刀 S108,S108,Philips飛利浦 S108,https://images.philips.com/is/image/PhilipsConsumer/S108_02-IMS-zh_TW?&wid=254&hei=254&$jpglarge$
philps,razor,Philips飛利浦IconiQ 刮鬍刀 S8860,S8860,Philips飛利浦 S8860,https://images.philips.com/is/image/PhilipsConsumer/S8860_61-IMS-zh_TW?&wid=254&hei=254&$jpglarge$
philps,razor,Philips飛利浦Union紳士淨化組 S8880,S8880,Philips飛利浦 S8880,https://images.philips.com/is/image/PhilipsConsumer/S8880_68-IMS-zh_TW?&wid=254&hei=254&$jpglarge$
philps,razor,Philips飛利浦乾濕兩用電鬍刀 S6820,S6820,Philips飛利浦 S6820,https://images.philips.com/is/image/PhilipsConsumer/S6820_11-IMS-zh_TW?&wid=254&hei=254&$jpglarge$
philps,razor,Philips飛利浦電鬍刀 S1101,S1101,Philips飛利浦 S1101,https://images.philips.com/is/image/PhilipsConsumer/S1101_02-IMS-zh_TW?&wid=254&hei=254&$jpglarge$
philps,razor,Philips飛利浦乾濕兩用電鬍刀 3000 系列 S3134,S3134,Philips飛利浦 S3134,https://images.philips.com/is/image/PhilipsConsumer/S3134_51-IMS-zh_TW?&wid=254&hei=254&$jpglarge$
philps,razor,Philips飛利浦乾濕兩用電鬍刀 9000 系列 SP9860,SP9860,Philips飛利浦 SP9860,https://images.philips.com/is/image/PhilipsConsumer/SP9860_14-IMS-zh_TW?&wid=254&hei=254&$jpglarge$
philps,razor,Philips飛利浦電鬍刀 S566,S566,Philips飛利浦 S566,https://images.philips.com/is/image/PhilipsConsumer/S566_12-IMS-zh_TW?&wid=254&hei=254&$jpglarge$
philps,razor,Philips飛利浦乾濕兩用電鬍刀 3000 系列 S3231,S3231,Philips飛利浦 S3231,https://images.philips.com/is/image/PhilipsConsumer/S3231_52-IMS-zh_TW?&wid=254&hei=254&$jpglarge$
philps,razor,Philips飛利浦電鬍刀 S528,S528,Philips飛利浦 S528,https://images.philips.com/is/image/PhilipsConsumer/S528_12-IMS-zh_TW?&wid=254&hei=254&$jpglarge$
philps,razor,Philips飛利浦電鬍刀 S526,S526,Philips飛利浦 S526,https://images.philips.com/is/image/PhilipsConsumer/S526_12-IMS-zh_TW?&wid=254&hei=254&$jpglarge$
philps,razor,Philips飛利浦乾式電鬍刀 1000 系列 S1332,S1332,Philips飛利浦 S1332,https://images.philips.com/is/image/PhilipsConsumer/S1332_41-IMS-zh_TW?&wid=254&hei=254&$jpglarge$
philps,razor,Philips飛利浦電鬍刀 S108,S108,Philips飛利浦 S108,https://images.philips.com/is/image/PhilipsConsumer/S108_02-IMS-zh_TW?&wid=254&hei=254&$jpglarge$
philps,razor,Philips飛利浦IconiQ 刮鬍刀 S8860,S8860,Philips飛利浦 S8860,https://images.philips.com/is/image/PhilipsConsumer/S8860_61-IMS-zh_TW?&wid=254&hei=254&$jpglarge$
philps,razor,Philips飛利浦Union紳士淨化組 S8880,S8880,Philips飛利浦 S8880,https://images.philips.com/is/image/PhilipsConsumer/S8880_68-IMS-zh_TW?&wid=254&hei=254&$jpglarge$
philps,razor,Philips飛利浦乾濕兩用電鬍刀 S6820,S6820,Philips飛利浦 S6820,https://images.philips.com/is/image/PhilipsConsumer/S6820_11-IMS-zh_TW?&wid=254&hei=254&$jpglarge$
philps,razor,Philips飛利浦電鬍刀 S1101,S1101,Philips飛利浦 S1101,https://images.philips.com/is/image/PhilipsConsumer/S1101_02-IMS-zh_TW?&wid=254&hei=254&$jpglarge$
philps,razor,Philips飛利浦乾濕兩用電鬍刀 3000 系列 S3134,S3134,Philips飛利浦 S3134,https://images.philips.com/is/image/PhilipsConsumer/S3134_51-IMS-zh_TW?&wid=254&hei=254&$jpglarge$
philps,razor,Philips飛利浦乾濕兩用電鬍刀 9000 系列 SP9860,SP9860,Philips飛利浦 SP9860,https://images.philips.com/is/image/PhilipsConsumer/SP9860_14-IMS-zh_TW?&wid=254&hei=254&$jpglarge$
