panasonic,fan,Panasonic DC直流馬達 奢華型電扇 F-H16GND-K,F-H16GND-K,PANASONIC F-H16GND-K,https://www.panasonic.com//content/dam/pim/tw/zh/F-/F-H16G/F-H16GND-K/F-H16GND-K_SeeAll.png?resize=272%3A204
panasonic,fan,Panasonic DC直流馬達 奢華型電扇 F-H14GND-K,F-H14GND-K,PANASONIC F-H14GND-K,https://www.panasonic.com//content/dam/pim/tw/zh/F-/F-H14G/F-H14GND-K/F-H14GND-K_SeeAll.png?resize=272%3A204
panasonic,fan,Panasonic DC直流馬達 旗艦型電扇 F-H16GND,F-H16GND,PANASONIC F-H16GND,https://www.panasonic.com//content/dam/pim/tw/zh/F-/F-H16G/F-H16GND/F-H16GND_SeeAll.png?resize=272%3A204
panasonic,fan,Panasonic DC直流馬達 旗艦型電扇 F-H14GND,F-H14GND,PANASONIC F-H14GND,https://www.panasonic.com//content/dam/pim/tw/zh/F-/F-H14G/F-H14GND/F-H14GND_SeeAll.png?resize=272%3A204
panasonic,fan,Panasonic DC直流馬達 高級型電扇 F-L16GMD,F-L16GMD,PANASONIC F-L16GMD,https://www.panasonic.com//content/dam/pim/tw/zh/F-/F-L16G/F-L16GMD/F-L16GMD_SeeAll.png?resize=272%3A204
panasonic,fan,Panasonic DC直流馬達 高級型電扇 F-L14GMD,F-L14GMD,PANASONIC F-L14GMD,https://www.panasonic.com//content/dam/pim/tw/zh/F-/F-L14G/F-L14GMD/F-L14GMD_SeeAll.png?resize=272%3A204
panasonic,fan,Panasonic DC直流馬達 清淨型電扇 F-H16EXD-K,F-H16EXD-K,PANASONIC F-H16EXD-K,https://www.panasonic.com//content/dam/pim/tw/zh/F-/F-H16E/F-H16EXD-K/F-H16EXD-K_SeeAll.png?resize=272%3A204
panasonic,fan,Panasonic DC直流馬達 清淨型電扇 F-H16EXD,F-H16EXD,PANASONIC F-H16EXD,https://www.panasonic.com//content/dam/pim/tw/zh/F-/F-H16E/F-H16EXD/F-H16EXD_SeeAll.png?resize=272%3A204
panasonic,fan,Panasonic DC直流馬達 清淨型電扇 F-H14EXD-K,F-H14EXD-K,PANASONIC F-H14EXD-K,https://www.panasonic.com//content/dam/pim/tw/zh/F-/F-H14E/F-H14EXD-K/F-H14EXD-K_SeeAll.png?resize=272%3A204
panasonic,fan,Panasonic DC直流馬達 清淨型電扇 F-H14EXD,F-H14EXD,PANASONIC F-H14EXD,https://www.panasonic.com//content/dam/pim/tw/zh/F-/F-H14E/F-H14EXD/F-H14EXD_SeeAll.png?resize=272%3A204
panasonic,fan,Panasonic DC直流馬達 經典型電扇 F-S16DMD,F-S16DMD,PANASONIC F-S16DMD,https://www.panasonic.com//content/dam/pim/tw/zh/F-/F-S16D/F-S16DMD/F-S16DMD_SeeAll_20190717.png?resize=272%3A204
panasonic,fan,Panasonic DC直流馬達 經典型電扇 F-S14DMD,F-S14DMD,PANASONIC F-S14DMD,https://www.panasonic.com//content/dam/pim/tw/zh/F-/F-S14D/F-S14DMD/F-S14DMD_SeeAll.png?resize=272%3A204
panasonic,fan,Panasonic DC直流馬達 經典型電扇 F-S12DMD,F-S12DMD,PANASONIC F-S12DMD,https://www.panasonic.com//content/dam/pim/tw/zh/F-/F-S12D/F-S12DMD/F-S12DMD_SeeAll.png?resize=272%3A204
panasonic,fan,Panasonic AC馬達 清新系列電扇 F-H16MR-B,F-H16MR-B,PANASONIC F-H16MR-B,https://www.panasonic.com//content/dam/pim/tw/zh/F-/F-H16M/F-H16MR-B/F-H16MR-B_SeeAll_WOC_20150202.png?resize=272%3A204
panasonic,fan,Panasonic AC馬達 清新系列電扇 F-L14AMS,F-L14AMS,PANASONIC F-L14AMS,https://www.panasonic.com//content/dam/pim/tw/zh/F-/F-L14A/F-L14AMS/F-L14AMS_SeeAll_WOC_20150202.png?resize=272%3A204
panasonic,fan,Panasonic AC馬達 清新系列電扇 F-L12BMS,F-L12BMS,PANASONIC F-L12BMS,https://www.panasonic.com//content/dam/pim/tw/zh/F-/F-L12B/F-L12BMS/F-L12BMS_SeeAll_WOC_20150202.png?resize=272%3A204
panasonic,fan,Panasonic AC馬達 輕巧桌扇電扇 F-D12BMF,F-D12BMF,PANASONIC F-D12BMF,https://www.panasonic.com//content/dam/pim/tw/zh/F-/F-D12B/F-D12BMF/F-D12BMF_SeeAll_WOC_20150202.png?resize=272%3A204
