samlux,fan,SANLUX台灣三洋 SBF-08D USB電風扇,SBF-08D,SANLUX 台灣三洋 SBF-08D,http://sanlux.com.tw/s1504/files_prod/PicB/SBF-08D.jpg
samlux,fan,SANLUX台灣三洋 SBF-C08DR DC智慧循環扇,SBF-C08DR,SANLUX 台灣三洋 SBF-C08DR,http://sanlux.com.tw/s1504/files_prod/PicB/SBF-C08DR.jpg
samlux,fan,SANLUX台灣三洋 EF-P16DK DC遙控電風扇,EF-P16DK,SANLUX 台灣三洋 EF-P16DK,http://sanlux.com.tw/s1504/files_prod/PicB/EF-P16DK.jpg
samlux,fan,SANLUX台灣三洋 EF-P14DK DC遙控電風扇,EF-P14DK,SANLUX 台灣三洋 EF-P14DK,http://sanlux.com.tw/s1504/files_prod/PicB/EF-P14DK.jpg
samlux,fan,SANLUX台灣三洋 EF-P16DB DC遙控電風扇,EF-P16DB,SANLUX 台灣三洋 EF-P16DB,http://sanlux.com.tw/s1504/files_prod/PicB/EF-P16DB.jpg
samlux,fan,SANLUX台灣三洋 EF-P14DB DC遙控電風扇,EF-P14DB,SANLUX 台灣三洋 EF-P14DB,http://sanlux.com.tw/s1504/files_prod/PicB/EF-P14DB.jpg
samlux,fan,SANLUX台灣三洋 EF-P16DH DC遙控電風扇,EF-P16DH,SANLUX 台灣三洋 EF-P16DH,http://sanlux.com.tw/s1504/files_prod/PicB/EF-P16DH.jpg
samlux,fan,SANLUX台灣三洋 EF-P14DH DC遙控電風扇,EF-P14DH,SANLUX 台灣三洋 EF-P14DH,http://sanlux.com.tw/s1504/files_prod/PicB/EF-P14DH.jpg
samlux,fan,SANLUX台灣三洋 EF-1401DS DC遙控電風扇,EF-1401DS,SANLUX 台灣三洋 EF-1401DS,http://sanlux.com.tw/s1504/files_prod/PicB/EF-1401DS.jpg
samlux,fan,SANLUX台灣三洋 EF-16DRA DC遙控電風扇,EF-16DRA,SANLUX 台灣三洋 EF-16DRA,http://sanlux.com.tw/s1504/files_prod/PicB/EF-16DRA.jpg
samlux,fan,SANLUX台灣三洋 EF-14DRA DC遙控電風扇,EF-14DRA,SANLUX 台灣三洋 EF-14DRA,http://sanlux.com.tw/s1504/files_prod/PicB/EF-14DRA.jpg
samlux,fan,SANLUX台灣三洋 EF-14DHA DC遙控電風扇,EF-14DHA,SANLUX 台灣三洋 EF-14DHA,http://sanlux.com.tw/s1504/files_prod/PicB/EF-14DHA.jpg
samlux,fan,SANLUX台灣三洋 EF-149SRC 遙控立扇,EF-149SRC,SANLUX 台灣三洋 EF-149SRC,http://sanlux.com.tw/s1504/files_prod/PicB/EF-149SRC.jpg
samlux,fan,SANLUX台灣三洋 EF-148TPR 立扇,EF-148TPR,SANLUX 台灣三洋 EF-148TPR,http://sanlux.com.tw/s1504/files_prod/PicB/EF-148TPR.jpg
samlux,fan,SANLUX台灣三洋 EF-16SRA 遙控立扇,EF-16SRA,SANLUX 台灣三洋 EF-16SRA,http://sanlux.com.tw/s1504/files_prod/PicB/EF-16SRA.jpg
samlux,fan,SANLUX台灣三洋 EF-14SRA 遙控立扇,EF-14SRA,SANLUX 台灣三洋 EF-14SRA,http://sanlux.com.tw/s1504/files_prod/PicB/EF-14SRA.jpg
samlux,fan,SANLUX台灣三洋 EF-16SMA 微電腦觸控立扇,EF-16SMA,SANLUX 台灣三洋 EF-16SMA,http://sanlux.com.tw/s1504/files_prod/PicB/EF-16SMA.jpg
samlux,fan,SANLUX台灣三洋 EF-14SMA 微電腦觸控立扇,EF-14SMA,SANLUX 台灣三洋 EF-14SMA,http://sanlux.com.tw/s1504/files_prod/PicB/EF-14SMA.jpg
samlux,fan,SANLUX台灣三洋 EF-16STA1 立扇,EF-16STA1,SANLUX 台灣三洋 EF-16STA1,http://sanlux.com.tw/s1504/files_prod/PicB/EF-16STA1.jpg
samlux,fan,SANLUX台灣三洋 EF-14STA1 立扇,EF-14STA1,SANLUX 台灣三洋 EF-14STA1,http://sanlux.com.tw/s1504/files_prod/PicB/EF-14STA1.jpg
samlux,fan,SANLUX台灣三洋 EF-12STA1 立扇,EF-12STA1,SANLUX 台灣三洋 EF-12STA1,http://sanlux.com.tw/s1504/files_prod/PicB/EF-12STA1.jpg
samlux,fan,SANLUX台灣三洋 EF-10STA1 桌扇,EF-10STA1,SANLUX 台灣三洋 EF-10STA1,http://sanlux.com.tw/s1504/files_prod/PicB/EF-10STA1.jpg
samlux,fan,SANLUX台灣三洋 SBF-1400TA1 方型扇,SBF-1400TA1,SANLUX 台灣三洋 SBF-1400TA1,http://sanlux.com.tw/s1504/files_prod/PicB/SBF-1400TA1.jpg
samlux,fan,SANLUX台灣三洋 SBF-1400A 方型扇,SBF-1400A,SANLUX 台灣三洋 SBF-1400A,http://sanlux.com.tw/s1504/files_prod/PicB/SBF-1400A.jpg
samlux,fan,SANLUX台灣三洋 SBF-1000A1 方型扇,SBF-1000A1,SANLUX 台灣三洋 SBF-1000A1,http://sanlux.com.tw/s1504/files_prod/PicS/SBF-1000A1s.jpg
