chimei,tv,CHIMEI 奇美 多媒體液晶顯示器65型 TL-65R600,TL-65R600,奇美 TL-65R600,https://electronics.chimei.com.tw/files/series/audiovideo/display/R6/65/328.png
chimei,tv,CHIMEI 奇美 多媒體液晶顯示器55型 TL-55R600,TL-55R600,奇美 TL-55R600,https://electronics.chimei.com.tw/files/series/audiovideo/display/R6/50+55/328.png
chimei,tv,CHIMEI 奇美 多媒體液晶顯示器50型 TL-50R600,TL-50R600,奇美 TL-50R600,https://electronics.chimei.com.tw/files/series/audiovideo/display/R6/50+55/328.png
chimei,tv,CHIMEI 奇美 多媒體液晶顯示器43型 TL-43R600,TL-43R600,奇美 TL-43R600,https://electronics.chimei.com.tw/files/series/audiovideo/display/R6/43/328.png
chimei,tv,CHIMEI 奇美 多媒體液晶顯示器65型 TL-65M500,TL-65M500,奇美 TL-65M500,https://electronics.chimei.com.tw/files/series/audiovideo/display/M500/65M500/65M500-328X328PX.png
chimei,tv,CHIMEI 奇美 多媒體液晶顯示器55型 TL-55M500,TL-55M500,奇美 TL-55M500,https://electronics.chimei.com.tw/files/series/audiovideo/display/M500/55M500/55M500-328X328PX.png
chimei,tv,CHIMEI 奇美 多媒體液晶顯示器50型 TL-50M500,TL-50M500,奇美 TL-50M500,https://electronics.chimei.com.tw/files/series/audiovideo/display/M500/50M500/50M500-328X328PX.png
chimei,tv,CHIMEI 奇美 多媒體液晶顯示器43型 TL-43M500,TL-43M500,奇美 TL-43M500,https://electronics.chimei.com.tw/files/series/audiovideo/display/M500/43M500/43M500-328X328PX.png
chimei,tv,CHIMEI 奇美 多媒體液晶顯示器40型 TL-40A800,TL-40A800,奇美 TL-40A800,https://electronics.chimei.com.tw/files/series/audiovideo/display/A800/40/40A800-328X328PX.png
chimei,tv,CHIMEI 奇美 多媒體液晶顯示器32型 TL-32A800,TL-32A800,奇美 TL-32A800,https://electronics.chimei.com.tw/files/series/audiovideo/display/A800/32/328X328cover.png
chimei,tv,CHIMEI 奇美 多媒體液晶顯示器75型 TL-75R550,TL-75R550,奇美 TL-75R550,https://electronics.chimei.com.tw/files/series/audiovideo/display/R5/75/75R550-328X328PX-cover.png
chimei,tv,CHIMEI 奇美 多媒體液晶顯示器65型 TL-65R500,TL-65R500,奇美 TL-65R500,https://electronics.chimei.com.tw/files/series/audiovideo/display/R5/65/TL-65R500-328X328PX-cover.png
chimei,tv,CHIMEI 奇美 多媒體液晶顯示器55型 TL-55R500,TL-55R500,奇美 TL-55R500,https://electronics.chimei.com.tw/files/series/audiovideo/display/R5/55/TL-55R500-328X328PX-cover.png
chimei,tv,CHIMEI 奇美 多媒體液晶顯示器50型 TL-50R500,TL-50R500,奇美 TL-50R500,https://electronics.chimei.com.tw/files/series/audiovideo/display/R5/50/TL-50R500-328X328PX-cover.png
chimei,tv,CHIMEI 奇美 多媒體液晶顯示器75型 TL-75U800,TL-75U800,奇美 TL-75U800,https://electronics.chimei.com.tw/files/series/audiovideo/display/U800/75/75U800-328X328PX-cover.png
chimei,tv,CHIMEI 奇美 多媒體液晶顯示器65型 TL-65M300,TL-65M300,奇美 TL-65M300,https://electronics.chimei.com.tw/files/series/audiovideo/display/M300/M300 cover.png
chimei,tv,CHIMEI 奇美 多媒體液晶顯示器55型 TL-55M300,TL-55M300,奇美 TL-55M300,https://electronics.chimei.com.tw/files/series/audiovideo/display/M300/M300.PNG
chimei,tv,CHIMEI 奇美 多媒體液晶顯示器50型 TL-50M300,TL-50M300,奇美 TL-50M300,https://electronics.chimei.com.tw/files/series/audiovideo/display/M300/M300.PNG
chimei,tv,CHIMEI 奇美 多媒體液晶顯示器43型 TL-43M300,TL-43M300,奇美 TL-43M300,https://electronics.chimei.com.tw/files/series/audiovideo/display/M300/M300.PNG
chimei,tv,CHIMEI 奇美 多媒體液晶顯示器43型 TL-43A700,TL-43A700,奇美 TL-43A700,https://electronics.chimei.com.tw/files/series/audiovideo/display/A700/43/43A700-328x328.png
chimei,tv,CHIMEI 奇美 多媒體液晶顯示器40型 TL-40A700,TL-40A700,奇美 TL-40A700,https://electronics.chimei.com.tw/files/series/audiovideo/display/A700/A700-right-1200X1200PX.png
chimei,tv,CHIMEI 奇美 多媒體液晶顯示器32型 TL-32A700,TL-32A700,奇美 TL-32A700,https://electronics.chimei.com.tw/files/series/audiovideo/display/A700/A700-right-1200X1200PX.png
chimei,tv,CHIMEI 奇美 多媒體液晶顯示器65型 TL-65R300,TL-65R300,奇美 TL-65R300,https://electronics.chimei.com.tw/files/series/audiovideo/display/R300/TL-50_55_65R300-1.png
chimei,tv,CHIMEI 奇美 多媒體液晶顯示器55型 TL-55R300,TL-55R300,奇美 TL-55R300,https://electronics.chimei.com.tw/files/series/audiovideo/display/R300/TL-50_55_65R300-1.png
chimei,tv,CHIMEI 奇美 多媒體液晶顯示器50型 TL-50R300,TL-50R300,奇美 TL-50R300,https://electronics.chimei.com.tw/files/series/audiovideo/display/R300/TL-50_55_65R300-1.png
chimei,tv,CHIMEI 奇美 多媒體液晶顯示器86型 TL-86U750,TL-86U750,奇美 TL-86U750,https://electronics.chimei.com.tw/files/series/audiovideo/display/U750/TL-86U750-4.png
chimei,tv,CHIMEI 奇美 多媒體液晶顯示器75型 TL-75U750,TL-75U750,奇美 TL-75U750,https://electronics.chimei.com.tw/files/series/audiovideo/display/U750/TL-75U750-1.png
chimei,tv,CHIMEI 奇美 多媒體液晶顯示器24型 TL-24A600,TL-24A600,奇美 TL-24A600,https://electronics.chimei.com.tw/files/series/audiovideo/display/A600/TL-32A600_TL-24A600-3.png
chimei,tv,CHIMEI 奇美 多媒體液晶顯示器98型 TL-98U700,TL-98U700,奇美 TL-98U700,https://electronics.chimei.com.tw/files/series/audiovideo/display/U700/TL-98U700-1.png
chimei,tv,CHIMEI 奇美 多媒體液晶顯示器75型 TL-75U700,TL-75U700,奇美 TL-75U700,https://electronics.chimei.com.tw/files/series/audiovideo/display/U700/TL-75U700-1.png
