panasonic,tv,Panasonic OLED 電視 TH-65GZ2000W,TH-65GZ2000W,PANASONIC TH-65GZ2000W,https://www.panasonic.com//content/dam/pim/tw/zh/TH/TH-65G/TH-65GZ2000W/ast-904873.png?resize=272%3A204
panasonic,tv,Panasonic OLED 電視 TH-65GZ1000W,TH-65GZ1000W,PANASONIC TH-65GZ1000W,https://www.panasonic.com//content/dam/pim/tw/zh/TH/TH-65G/TH-65GZ1000W/ast-904868.png?resize=272%3A204
panasonic,tv,Panasonic OLED 電視 TH-55GZ1000W,TH-55GZ1000W,PANASONIC TH-55GZ1000W,https://www.panasonic.com//content/dam/pim/tw/zh/TH/TH-55G/TH-55GZ1000W/ast-904869.png?resize=272%3A204
panasonic,tv,Panasonic OLED 電視 TH-65FZ1000W,TH-65FZ1000W,PANASONIC TH-65FZ1000W,https://www.panasonic.com//content/dam/pim/tw/zh/TH/TH-65F/TH-65FZ1000W/TH-65FZ1000W-Variation_Image_for_See_All_1Global-1_tw_zh_20180508.png?resize=272%3A204
panasonic,tv,Panasonic OLED 電視 TH-65FZ950W,TH-65FZ950W,PANASONIC TH-65FZ950W,https://www.panasonic.com//content/dam/pim/tw/zh/TH/TH-65F/TH-65FZ950W/TH-65FZ950W-Variation_Image_for_See_All_1Global-1_tw_zh_20180508.png?resize=272%3A204
panasonic,tv,Panasonic OLED 電視 TH-55FZ950W,TH-55FZ950W,PANASONIC TH-55FZ950W,https://www.panasonic.com//content/dam/pim/tw/zh/TH/TH-55F/TH-55FZ950W/TH-55FZ950W-Variation_Image_for_See_All_1Global-1_tw_zh_20180508.png?resize=272%3A204
panasonic,tv,Panasonic OLED 電視 TH-65HZ1500W,TH-65HZ1500W,PANASONIC TH-65HZ1500W,https://www.panasonic.com//content/dam/pim/tw/zh/TH/TH-65H/TH-65HZ1500W/ast-998100.png?resize=272%3A204
panasonic,tv,Panasonic OLED 電視 TH-65HZ1000W,TH-65HZ1000W,PANASONIC TH-65HZ1000W,https://www.panasonic.com//content/dam/pim/tw/zh/TH/TH-65H/TH-65HZ1000W/ast-998085.png?resize=272%3A204
panasonic,tv,Panasonic OLED 電視 TH-55HZ1000W,TH-55HZ1000W,PANASONIC TH-55HZ1000W,https://www.panasonic.com//content/dam/pim/tw/zh/TH/TH-55H/TH-55HZ1000W/ast-998098.png?resize=272%3A204
panasonic,tv,Panasonic LED LCD 電視 TH-65GX900W,TH-65GX900W,PANASONIC TH-65GX900W,https://www.panasonic.com//content/dam/pim/tw/zh/TH/TH-65G/TH-65GX900W/ast-899490.png?resize=272%3A204
panasonic,tv,Panasonic LED LCD 電視 TH-55GX900W,TH-55GX900W,PANASONIC TH-55GX900W,https://www.panasonic.com//content/dam/pim/tw/zh/TH/TH-55G/TH-55GX900W/ast-899488.png?resize=272%3A204
panasonic,tv,Panasonic LED LCD 電視 TH-49GX900W,TH-49GX900W,PANASONIC TH-49GX900W,https://www.panasonic.com//content/dam/pim/tw/zh/TH/TH495G/TH495GX900W/ast-899489.png?resize=272%3A204
panasonic,tv,Panasonic LED LCD 電視 TH-75GX880W,TH-75GX880W,PANASONIC TH-75GX880W,https://www.panasonic.com//content/dam/pim/tw/zh/TH/TH-75G/TH-75GX880W/ast-899491.png?resize=272%3A204
panasonic,tv,Panasonic LED LCD 電視 TH-65HX900W,TH-65HX900W,PANASONIC TH-65HX900W,https://www.panasonic.com//content/dam/pim/tw/zh/TH/TH-65H/TH-65HX900W/ast-998004.png?resize=272%3A204
panasonic,tv,Panasonic LED LCD 電視 TH-55HX900W,TH-55HX900W,PANASONIC TH-55HX900W,https://www.panasonic.com//content/dam/pim/tw/zh/TH/TH-55H/TH-55HX900W/ast-998015.png?resize=272%3A204
panasonic,tv,Panasonic LED LCD 電視 TH-75HX880W,TH-75HX880W,PANASONIC TH-75HX880W,https://www.panasonic.com//content/dam/pim/tw/zh/TH/TH-75H/TH-75HX880W/ast-997975.png?resize=272%3A204
panasonic,tv,Panasonic LED LCD 電視 TH-65HX750W,TH-65HX750W,PANASONIC TH-65HX750W,https://www.panasonic.com//content/dam/pim/tw/zh/TH/TH-65H/TH-65HX750W/ast-971527.png?resize=272%3A204
panasonic,tv,Panasonic LED LCD 電視 TH-55HX750W,TH-55HX750W,PANASONIC TH-55HX750W,https://www.panasonic.com//content/dam/pim/tw/zh/TH/TH-55H/TH-55HX750W/ast-971530.png?resize=272%3A204
panasonic,tv,Panasonic LED LCD 電視 TH-49HX750W,TH-49HX750W,PANASONIC TH-49HX750W,https://www.panasonic.com//content/dam/pim/tw/zh/TH/TH-49H/TH-49HX750W/ast-971529.png?resize=272%3A204
panasonic,tv,Panasonic LED LCD 電視 TH-43HX750W,TH-43HX750W,PANASONIC TH-43HX750W,https://www.panasonic.com//content/dam/pim/tw/zh/TH/TH-43H/TH-43HX750W/ast-971528.png?resize=272%3A204
panasonic,tv,Panasonic TH-65HX650W,TH-65HX650W,PANASONIC TH-65HX650W,https://www.panasonic.com//content/dam/pim/tw/zh/TH/TH-65H/TH-65HX650W/ast-HX650W.png?resize=272%3A204
panasonic,tv,Panasonic TH-55HX650W,TH-55HX650W,PANASONIC TH-55HX650W,https://www.panasonic.com//content/dam/pim/tw/zh/TH/TH-55H/TH-55HX650W/ast-HX650W.png?resize=272%3A204
panasonic,tv,Panasonic TH-50HX650W,TH-50HX650W,PANASONIC TH-50HX650W,https://www.panasonic.com//content/dam/pim/tw/zh/TH/TH-50H/TH-50HX650W/ast-HX650W.png?resize=272%3A204
panasonic,tv,Panasonic TH-43HX650W,TH-43HX650W,PANASONIC TH-43HX650W,https://www.panasonic.com//content/dam/pim/tw/zh/TH/TH-43H/TH-43HX650W/ast-HX650W.png?resize=272%3A204
panasonic,tv,Panasonic TH-75HX600W,TH-75HX600W,PANASONIC TH-75HX600W,https://www.panasonic.com//content/dam/pim/tw/zh/TH/TH-75H/TH-75HX600W/TH75HX600W_SeeAll.png?resize=272%3A204
panasonic,tv,Panasonic LED LCD 電視 TH-65GX800W,TH-65GX800W,PANASONIC TH-65GX800W,https://www.panasonic.com//content/dam/pim/tw/zh/TH/TH-65G/TH-65GX800W/ast-793958.png?resize=272%3A204
panasonic,tv,Panasonic LED LCD 電視 TH-55GX800W,TH-55GX800W,PANASONIC TH-55GX800W,https://www.panasonic.com//content/dam/pim/tw/zh/TH/TH-55G/TH-55GX800W/ast-793954.png?resize=272%3A204
panasonic,tv,Panasonic LED LCD 電視 TH-49GX800W,TH-49GX800W,PANASONIC TH-49GX800W,https://www.panasonic.com//content/dam/pim/tw/zh/TH/TH-49G/TH-49GX800W/ast-793951.png?resize=272%3A204
panasonic,tv,Panasonic LED LCD 電視 TH-65GX750W,TH-65GX750W,PANASONIC TH-65GX750W,https://www.panasonic.com//content/dam/pim/tw/zh/TH/TH-65G/TH-65GX750W/ast-793957.png?resize=272%3A204
panasonic,tv,Panasonic LED LCD 電視 TH-55GX750W,TH-55GX750W,PANASONIC TH-55GX750W,https://www.panasonic.com//content/dam/pim/tw/zh/TH/TH-55G/TH-55GX750W/ast-793953.png?resize=272%3A204
panasonic,tv,Panasonic LED LCD 電視 TH-49GX750W,TH-49GX750W,PANASONIC TH-49GX750W,https://www.panasonic.com//content/dam/pim/tw/zh/TH/TH-49G/TH-49GX750W/ast-793950.png?resize=272%3A204
panasonic,tv,Panasonic LED LCD 電視 TH-43GX750W,TH-43GX750W,PANASONIC TH-43GX750W,https://www.panasonic.com//content/dam/pim/tw/zh/TH/TH-43G/TH-43GX750W/ast-793949.png?resize=272%3A204
panasonic,tv,Panasonic TH-65GX600W,TH-65GX600W,PANASONIC TH-65GX600W,https://www.panasonic.com//content/dam/pim/tw/zh/TH/TH-65G/TH-65GX600W/GX600W_SeeAll.png?resize=272%3A204
panasonic,tv,Panasonic TH-55GX600W,TH-55GX600W,PANASONIC TH-55GX600W,https://www.panasonic.com//content/dam/pim/tw/zh/TH/TH-65G/TH-65GX600W/GX600W_SeeAll.png?resize=272%3A204
panasonic,tv,Panasonic TH-43GX600W,TH-43GX600W,PANASONIC TH-43GX600W,https://www.panasonic.com//content/dam/pim/tw/zh/TH/TH-65G/TH-65GX600W/GX600W_SeeAll.png?resize=272%3A204
panasonic,tv,Panasonic TH-43H400W,TH-43H400W,PANASONIC TH-43H400W,https://www.panasonic.com//content/dam/pim/tw/zh/TH/TH-43H/TH-43H400W/SeeAll.png?resize=272%3A204
panasonic,tv,Panasonic TH-32H400W,TH-32H400W,PANASONIC TH-32H400W,https://www.panasonic.com//content/dam/pim/tw/zh/TH/TH-32H/TH-32H400W/SeeAll.png?resize=272%3A204
panasonic,tv,Panasonic LED 電視 TH-49F410W,TH-49F410W,PANASONIC TH-49F410W,https://www.panasonic.com//content/dam/pim/tw/zh/TH/TH-49F/TH-49F410W/TH-49F410W-Variation_Image_for_See_All_1Global-1_tw_zh.png?resize=272%3A204
panasonic,tv,Panasonic LED 電視 TH-43F410W,TH-43F410W,PANASONIC TH-43F410W,https://www.panasonic.com//content/dam/pim/tw/zh/TH/TH-43F/TH-43F410W/TH-43F410W-Variation_Image_for_See_All_1Global-1_tw_zh.png?resize=272%3A204
panasonic,tv,Panasonic LED 電視 TH-32F410W,TH-32F410W,PANASONIC TH-32F410W,https://www.panasonic.com//content/dam/pim/tw/zh/TH/TH-32F/TH-32F410W/TH-32F410W-Variation_Image_for_See_All_1Global-1_tw_zh.png?resize=272%3A204
