philps,tv,PHILIPS飛利浦 4K UHD LED Android 顯示器 86PUH8265,86PUH8265,PHILIPS 86PUH8265,https://images.philips.com/is/image/PhilipsConsumer/86PUH8265_96-IMS-zh_TW?&wid=254&hei=254&$jpglarge$
philps,tv,PHILIPS飛利浦 4K UHD LED Android 顯示器 75PUH8265,75PUH8265,PHILIPS 75PUH8265,https://images.philips.com/is/image/PhilipsConsumer/75PUH8265_96-IMS-zh_TW?&wid=254&hei=254&$jpglarge$
philps,tv,PHILIPS飛利浦 4K UHD LED 顯示器 70PUH8255,70PUH8255,PHILIPS 70PUH8255,https://images.philips.com/is/image/PhilipsConsumer/70PUH8255_96-IMS-zh_TW?&wid=254&hei=254&$jpglarge$
philps,tv,PHILIPS飛利浦 保時捷設計 4K UHD 搭配 Quantum Dot 70PD9000,70PD9000,PHILIPS 70PD9000,https://images.philips.com/is/image/PhilipsConsumer/70PD9000_96-IMS-zh_TW?&wid=254&hei=254&$jpglarge$
philps,tv,PHILIPS飛利浦 4K UHD LED 顯示器 65PUH8255,65PUH8255,PHILIPS 65PUH8255,https://images.philips.com/is/image/PhilipsConsumer/65PUH8255_96-IMS-zh_TW?&wid=254&hei=254&$jpglarge$
philps,tv,PHILIPS飛利浦 4K UHD 智慧型顯示器 65PUH7615,65PUH7615,PHILIPS 65PUH7615,https://images.philips.com/is/image/PhilipsConsumer/65PUH7615_96-IMS-zh_TW?&wid=254&hei=254&$jpglarge$
philps,tv,PHILIPS飛利浦 4K UHD 智慧型顯示器 65PUH7605,65PUH7605,PHILIPS 65PUH7605,https://images.philips.com/is/image/PhilipsConsumer/65PUH7605_96-IMS-zh_TW?&wid=254&hei=254&$jpglarge$
philps,tv,PHILIPS飛利浦 4K UHD LED 顯示器 55PUH8255,55PUH8255,PHILIPS 55PUH8255,https://images.philips.com/is/image/PhilipsConsumer/55PUH8255_96-IMS-zh_TW?&wid=254&hei=254&$jpglarge$
philps,tv,PHILIPS飛利浦 4K UHD 智慧型顯示器 55PUH7615,55PUH7615,PHILIPS 55PUH7615,https://images.philips.com/is/image/PhilipsConsumer/55PUH7615_96-IMS-zh_TW?&wid=254&hei=254&$jpglarge$
philps,tv,PHILIPS飛利浦 4K UHD 智慧型顯示器 55PUH7605,55PUH7605,PHILIPS 55PUH7605,https://images.philips.com/is/image/PhilipsConsumer/55PUH7605_96-IMS-zh_TW?&wid=254&hei=254&$jpglarge$
philps,tv,PHILIPS飛利浦 4K UHD LED 顯示器 50PUH8255,50PUH8255,PHILIPS 50PUH8255,https://images.philips.com/is/image/PhilipsConsumer/50PUH8255_96-IMS-zh_TW?&wid=254&hei=254&$jpglarge$
philps,tv,PHILIPS飛利浦 4K UHD 智慧型顯示器 50PUH7615,50PUH7615,PHILIPS 50PUH7615,https://images.philips.com/is/image/PhilipsConsumer/50PUH7615_96-IMS-zh_TW?&wid=254&hei=254&$jpglarge$
philps,tv,PHILIPS飛利浦 4K UHD 智慧型顯示器 50PUH7605,50PUH7605,PHILIPS 50PUH7605,https://images.philips.com/is/image/PhilipsConsumer/50PUH7605_96-IMS-zh_TW?&wid=254&hei=254&$jpglarge$
philps,tv,PHILIPS飛利浦 4K UHD LED 智慧型顯示器 86PUH8504,86PUH8504,PHILIPS 86PUH8504,https://images.philips.com/is/image/PhilipsConsumer/86PUH8504_96-IMS-zh_TW?&wid=254&hei=254&$jpglarge$
philps,tv,PHILIPS飛利浦 4K UHD LED Android 顯示器 70PUH8225,70PUH8225,PHILIPS 70PUH8225,https://images.philips.com/is/image/PhilipsConsumer/70PUH8225_96-IMS-zh_TW?&wid=254&hei=254&$jpglarge$
philps,tv,PHILIPS飛利浦 4K UHD LED Android 顯示器 70PUH8215,70PUH8215,PHILIPS 70PUH8215,https://images.philips.com/is/image/PhilipsConsumer/70PUH8215_96-IMS-zh_TW?&wid=254&hei=254&$jpglarge$
philps,tv,PHILIPS飛利浦 4K UHD LED Android 顯示器 70PUH7374,70PUH7374,PHILIPS 70PUH7374,https://images.philips.com/is/image/PhilipsConsumer/70PUH7374_96-IMS-zh_TW?&wid=254&hei=254&$jpglarge$
philps,tv,PHILIPS飛利浦 4K UHD 智慧型顯示器 70PUH6774,70PUH6774,PHILIPS 70PUH6774,https://images.philips.com/is/image/PhilipsConsumer/70PUH6774_96-IMS-zh_TW?&wid=254&hei=254&$jpglarge$
philps,tv,PHILIPS飛利浦 4K UHD 智慧型顯示器 70PUH6764,70PUH6764,PHILIPS 70PUH6764,https://images.philips.com/is/image/PhilipsConsumer/70PUH6764_96-IMS-zh_TW?&wid=254&hei=254&$jpglarge$
philps,tv,PHILIPS飛利浦 4K UHD LED Android 顯示器 65PUH8225,65PUH8225,PHILIPS 65PUH8225,https://images.philips.com/is/image/PhilipsConsumer/65PUH8225_96-IMS-zh_TW?&wid=254&hei=254&$jpglarge$
philps,tv,PHILIPS飛利浦 4K UHD LED Android 顯示器 65PUH8215,65PUH8215,PHILIPS 65PUH8215,https://images.philips.com/is/image/PhilipsConsumer/65PUH8215_96-IMS-zh_TW?&wid=254&hei=254&$jpglarge$
philps,tv,PHILIPS飛利浦 4K UHD LED Android 顯示器 65PUH7374,65PUH7374,PHILIPS 65PUH7374,https://images.philips.com/is/image/PhilipsConsumer/65PUH7374_96-IMS-zh_TW?&wid=254&hei=254&$jpglarge$
philps,tv,PHILIPS飛利浦 4K UHD OLED Android 顯示器 Bowers 音效 65OLED934,65OLED934,PHILIPS 65OLED934,https://images.philips.com/is/image/PhilipsConsumer/65OLED934_96-IMS-zh_TW?&wid=254&hei=254&$jpglarge$
philps,tv,PHILIPS飛利浦 4K UHD 智慧型顯示器 58PUH6504,58PUH6504,PHILIPS 58PUH6504,https://images.philips.com/is/image/PhilipsConsumer/58PUH6504_96-IMS-zh_TW?&wid=254&hei=254&$jpglarge$
philps,tv,PHILIPS飛利浦 4K UHD LED Android 顯示器 55PUH8225,55PUH8225,PHILIPS 55PUH8225,https://images.philips.com/is/image/PhilipsConsumer/55PUH8225_96-IMS-zh_TW?&wid=254&hei=254&$jpglarge$
philps,tv,PHILIPS飛利浦 4K UHD LED Android 顯示器 55PUH8215,55PUH8215,PHILIPS 55PUH8215,https://images.philips.com/is/image/PhilipsConsumer/55PUH8215_96-IMS-zh_TW?&wid=254&hei=254&$jpglarge$
philps,tv,PHILIPS飛利浦 4K UHD LED Android 顯示器 55PUH7374,55PUH7374,PHILIPS 55PUH7374,https://images.philips.com/is/image/PhilipsConsumer/55PUH7374_96-IMS-zh_TW?&wid=254&hei=254&$jpglarge$
philps,tv,PHILIPS飛利浦 4K UHD 智慧型顯示器 55PUH6034,55PUH6034,PHILIPS 55PUH6034,https://images.philips.com/is/image/PhilipsConsumer/55PUH6034_96-IMS-zh_TW?&wid=254&hei=254&$jpglarge$
philps,tv,PHILIPS飛利浦 4K UHD 智慧型顯示器 55PUH6014,55PUH6014,PHILIPS 55PUH6014,https://images.philips.com/is/image/PhilipsConsumer/55PUH6014_96-IMS-zh_TW?&wid=254&hei=254&$jpglarge$
philps,tv,PHILIPS飛利浦 4K UHD 智慧型顯示器 55PUH6004,55PUH6004,PHILIPS 55PUH6004,https://images.philips.com/is/image/PhilipsConsumer/55PUH6004_96-IMS-zh_TW?&wid=254&hei=254&$jpglarge$
philps,tv,PHILIPS飛利浦 4K UHD OLED Android 顯示器 Bowers 音效 55OLED934,55OLED934,PHILIPS 55OLED934,https://images.philips.com/is/image/PhilipsConsumer/55OLED934_96-IMS-zh_TW?&wid=254&hei=254&$jpglarge$
philps,tv,PHILIPS飛利浦 4K UHD LED Android 顯示器 50PUH8225,50PUH8225,PHILIPS 50PUH8225,https://images.philips.com/is/image/PhilipsConsumer/50PUH8225_96-IMS-zh_TW?&wid=254&hei=254&$jpglarge$
philps,tv,PHILIPS飛利浦 4K UHD LED Android 顯示器 50PUH8215,50PUH8215,PHILIPS 50PUH8215,https://images.philips.com/is/image/PhilipsConsumer/50PUH8215_96-IMS-zh_TW?&wid=254&hei=254&$jpglarge$
philps,tv,PHILIPS飛利浦 4K UHD 智慧型顯示器 50PUH6504,50PUH6504,PHILIPS 50PUH6504,https://images.philips.com/is/image/PhilipsConsumer/50PUH6504_96-IMS-zh_TW?&wid=254&hei=254&$jpglarge$
philps,tv,PHILIPS飛利浦 4K UHD 智慧型顯示器 50PUH6034,50PUH6034,PHILIPS 50PUH6034,https://images.philips.com/is/image/PhilipsConsumer/50PUH6034_96-IMS-zh_TW?&wid=254&hei=254&$jpglarge$
philps,tv,PHILIPS飛利浦 4K UHD 智慧型顯示器 50PUH6014,50PUH6014,PHILIPS 50PUH6014,https://images.philips.com/is/image/PhilipsConsumer/50PUH6014_96-IMS-zh_TW?&wid=254&hei=254&$jpglarge$
philps,tv,PHILIPS飛利浦 4K UHD 智慧型顯示器 50PUH6004,50PUH6004,PHILIPS 50PUH6004,https://images.philips.com/is/image/PhilipsConsumer/50PUH6004_96-IMS-zh_TW?&wid=254&hei=254&$jpglarge$
philps,tv,PHILIPS飛利浦 4K UHD 智慧型顯示器 43PUH6504,43PUH6504,PHILIPS 43PUH6504,https://images.philips.com/is/image/PhilipsConsumer/43PUH6504_96-IMS-zh_TW?&wid=254&hei=254&$jpglarge$
philps,tv,PHILIPS飛利浦 4K UHD 智慧型顯示器 43PUH6034,43PUH6034,PHILIPS 43PUH6034,https://images.philips.com/is/image/PhilipsConsumer/43PUH6034_96-IMS-zh_TW?&wid=254&hei=254&$jpglarge$
philps,tv,PHILIPS飛利浦 4K UHD 智慧型顯示器 43PUH6014,43PUH6014,PHILIPS 43PUH6014,https://images.philips.com/is/image/PhilipsConsumer/43PUH6014_96-IMS-zh_TW?&wid=254&hei=254&$jpglarge$
philps,tv,PHILIPS飛利浦 4K UHD 智慧型顯示器 43PUH6004,43PUH6004,PHILIPS 43PUH6004,https://images.philips.com/is/image/PhilipsConsumer/43PUH6004_96-IMS-zh_TW?&wid=254&hei=254&$jpglarge$
philps,tv,PHILIPS飛利浦 FHD LED 顯示器 43PFH5704,43PFH5704,PHILIPS 43PFH5704,https://images.philips.com/is/image/PhilipsConsumer/43PFH5704_96-IMS-zh_TW?&wid=254&hei=254&$jpglarge$
philps,tv,PHILIPS飛利浦 FHD LED 顯示器 43PFH5583,43PFH5583,PHILIPS 43PFH5583,https://images.philips.com/is/image/PhilipsConsumer/43PFH5583_96-IMS-zh_TW?&wid=254&hei=254&$jpglarge$
philps,tv,PHILIPS飛利浦 FHD 顯示器 43PFH5553,43PFH5553,PHILIPS 43PFH5553,https://images.philips.com/is/image/PhilipsConsumer/43PFH5553_96-IMS-zh_TW?&wid=254&hei=254&$jpglarge$
philps,tv,PHILIPS飛利浦 FHD LED 顯示器 43PFH5523,43PFH5523,PHILIPS 43PFH5523,https://images.philips.com/is/image/PhilipsConsumer/43PFH5523_96-IMS-zh_TW?&wid=254&hei=254&$jpglarge$
philps,tv,PHILIPS飛利浦 FHD LED 顯示器 40PFH5704,40PFH5704,PHILIPS 40PFH5704,https://images.philips.com/is/image/PhilipsConsumer/40PFH5704_96-IMS-zh_TW?&wid=254&hei=254&$jpglarge$
philps,tv,PHILIPS飛利浦 FHD LED 顯示器 40PFH5583,40PFH5583,PHILIPS 40PFH5583,https://images.philips.com/is/image/PhilipsConsumer/40PFH5583_96-IMS-zh_TW?&wid=254&hei=254&$jpglarge$
philps,tv,PHILIPS飛利浦 FHD 顯示器 40PFH5553,40PFH5553,PHILIPS 40PFH5553,https://images.philips.com/is/image/PhilipsConsumer/40PFH5553_96-IMS-zh_TW?&wid=254&hei=254&$jpglarge$
philps,tv,PHILIPS飛利浦 FHD LED 顯示器 40PFH5523,40PFH5523,PHILIPS 40PFH5523,https://images.philips.com/is/image/PhilipsConsumer/40PFH5523_96-IMS-zh_TW?&wid=254&hei=254&$jpglarge$
philps,tv,PHILIPS飛利浦 FHD LED 顯示器 40PFH5034,40PFH5034,PHILIPS 40PFH5034,https://images.philips.com/is/image/PhilipsConsumer/40PFH5034_96-IMS-zh_TW?&wid=254&hei=254&$jpglarge$
philps,tv,PHILIPS飛利浦 HD LED 顯示器 32PHH5704,32PHH5704,PHILIPS 32PHH5704,https://images.philips.com/is/image/PhilipsConsumer/32PHH5704_96-IMS-zh_TW?&wid=254&hei=254&$jpglarge$
philps,tv,PHILIPS飛利浦 HD LED 顯示器 32PHH5583,32PHH5583,PHILIPS 32PHH5583,https://images.philips.com/is/image/PhilipsConsumer/32PHH5583_96-IMS-zh_TW?&wid=254&hei=254&$jpglarge$
philps,tv,PHILIPS飛利浦 HD LED 顯示器 32PHH5553,32PHH5553,PHILIPS 32PHH5553,https://images.philips.com/is/image/PhilipsConsumer/32PHH5553_96-IMS-zh_TW?&wid=254&hei=254&$jpglarge$
philps,tv,PHILIPS飛利浦 HD LED 顯示器 32PHH5523,32PHH5523,PHILIPS 32PHH5523,https://images.philips.com/is/image/PhilipsConsumer/32PHH5523_96-IMS-zh_TW?&wid=254&hei=254&$jpglarge$
