samsung,tv,SAMSUNG 2017 88型 QLED 量子電視 Q9F QA88Q9FAMWXZW,QA88Q9FAMWXZW,SAMSUNG QA88Q9FAMWXZW,https://images.samsung.com/is/image/samsung/tw-qledtv-q9f-qa88q9famwxzw-titaniumgray-thumb-CharcoalGray-73160568
samsung,tv,SAMSUNG 2018 65型 QLED 量子電視 Q9F QA65Q9FNAWXZW,QA65Q9FNAWXZW,SAMSUNG QA65Q9FNAWXZW,https://images.samsung.com/is/image/samsung/tw-qledtv-q9fn-qa65q9fnawxzw-midnight-thumb-Midnight-Black-98107356
samsung,tv,SAMSUNG 2018 75型 QLED 量子電視 Q9F QA75Q9FNAWXZW,QA75Q9FNAWXZW,SAMSUNG QA75Q9FNAWXZW,https://images.samsung.com/is/image/samsung/tw-qledtv-q9fn-qa75q9fnawxzw-silver-thumb-Eclipse-Silver-98107364
samsung,tv,SAMSUNG 2018 65型 QLED 量子電視 Q8C QA65Q8CNAWXZW,QA65Q8CNAWXZW,SAMSUNG QA65Q8CNAWXZW,https://images.samsung.com/is/image/samsung/tw-qledtv-q8cn-qa65q8cnawxzw-titanumsilver-thumb-Eclipse-Silver-98107333
samsung,tv,SAMSUNG 2018 55型 QLED 量子電視 Q7F QA55Q7FNAWXZW,QA55Q7FNAWXZW,SAMSUNG QA55Q7FNAWXZW,https://images.samsung.com/is/image/samsung/tw-qledtv-q7fn-qa55q7fnawxzw-silver-thumb-Eclipse-Silver-98107238
samsung,tv,SAMSUNG 2018 65型 QLED 量子電視 Q7F QA65Q7FNAWXZW,QA65Q7FNAWXZW,SAMSUNG QA65Q7FNAWXZW,https://images.samsung.com/is/image/samsung/tw-qledtv-q7fn-qa65q7fnawxzw-silver-thumb-Eclipse-Silver-98107246
samsung,tv,SAMSUNG 2018 75型 QLED 量子電視 Q7F QA75Q7FNAWXZW,QA75Q7FNAWXZW,SAMSUNG QA75Q7FNAWXZW,https://images.samsung.com/is/image/samsung/tw-qledtv-q7fn-qa75q7fnawxzw-titanumsilver-thumb-Eclipse-Silver-98107267
samsung,tv,SAMSUNG 55型 4K UHD 電視 NU7400 UA55NU7400WXZW,UA55NU7400WXZW,SAMSUNG UA55NU7400WXZW,https://images.samsung.com/is/image/samsung/tw-uhdtv-nu7400-ua55nu7400wxzw-blackmist-thumb-CharcoalBlack-98120255
samsung,tv,SAMSUNG 65型 4K UHD 電視 NU7400 UA65NU7400WXZW,UA65NU7400WXZW,SAMSUNG UA65NU7400WXZW,https://images.samsung.com/is/image/samsung/tw-uhdtv-nu7400-ua65nu7400wxzw-blackmist-thumb-CharcoalBlack-98120393
samsung,tv,SAMSUNG 43型 4K UHD 電視 NU7100 UA43NU7100WXZW,UA43NU7100WXZW,SAMSUNG UA43NU7100WXZW,https://images.samsung.com/is/image/samsung/tw-uhdtv-nu7100-ua43nu7100wxzw-black-thumb-Black-98130542
samsung,tv,SAMSUNG 49型 4K UHD 電視 NU7100 UA49NU7100WXZW,UA49NU7100WXZW,SAMSUNG UA49NU7100WXZW,https://images.samsung.com/is/image/samsung/tw-uhdtv-nu7100-ua49nu7100wxzw-black-thumb-Black-98130735
samsung,tv,SAMSUNG 55型 4K UHD 電視 NU7100 UA55NU7100WXZW,UA55NU7100WXZW,SAMSUNG UA55NU7100WXZW,https://images.samsung.com/is/image/samsung/tw-uhdtv-nu7100-ua55nu7100wxzw-black-thumb-Black-98130822
samsung,tv,SAMSUNG 65型 4K UHD 電視 NU7100 UA65NU7100WXZW,UA65NU7100WXZW,SAMSUNG UA65NU7100WXZW,https://images.samsung.com/is/image/samsung/tw-uhdtv-nu7100-ua65nu7100wxzw-black-thumb-Black-98130988
samsung,tv,SAMSUNG 75型 4K UHD 電視 NU7100 UA75NU7100WXZW,UA75NU7100WXZW,SAMSUNG UA75NU7100WXZW,https://images.samsung.com/is/image/samsung/tw-uhdtv-nu7100-ua75nu7100wxzw-black-thumb-Black-98131199
samsung,tv,SAMSUNG 2018 55型 QLED 量子電視 Q6F QA55Q6FNAWXZW,QA55Q6FNAWXZW,SAMSUNG QA55Q6FNAWXZW,https://images.samsung.com/is/image/samsung/tw-qledtv-q6fn-qa55q6fnawxzw-silver-thumb-Eclipse-Silver-107041564
samsung,tv,SAMSUNG 2018 65型 QLED 量子電視 Q6F QA65Q6FNAWXZW,QA65Q6FNAWXZW,SAMSUNG QA65Q6FNAWXZW,https://images.samsung.com/is/image/samsung/tw-qledtv-q6fn-qa65q6fnawxzw-silver-thumb-Eclipse-Silver-107041575
samsung,tv,SAMSUNG 32型 LED電視 UA32N4000AWXZW,UA32N4000AWXZW,SAMSUNG UA32N4000AWXZW,https://images.samsung.com/is/image/samsung/tw-hdtv-n4000-global-ua32n4000awxzw-black-thumb-Black-107062852
samsung,tv,SAMSUNG 65型 4K UHD 電視 NU7090 UA65NU7090WXZW,UA65NU7090WXZW,SAMSUNG UA65NU7090WXZW,https://images.samsung.com/is/image/samsung/tw-uhdtv-nu7090-ua65nu7090wxzw-frontwithlogoblack-thumb-120054841
samsung,tv,SAMSUNG 55型 THE FRAME 美學電視 LS03N UA55LS03NAWXZW,UA55LS03NAWXZW,SAMSUNG UA55LS03NAWXZW,https://images.samsung.com/is/image/samsung/tw-theframe-ls03-ua55ls03nawxzw-frontblack-thumb-126337500
samsung,tv,SAMSUNG 65型 THE FRAME 美學電視 LS03N UA65LS03NAWXZW,UA65LS03NAWXZW,SAMSUNG UA65LS03NAWXZW,https://images.samsung.com/is/image/samsung/tw-theframe-ls03-ua65ls03nawxzw-frontblack-thumb-126342837
samsung,tv,SAMSUNG 2019 65型 QLED 量子電視 Q90R QA65Q90RAWXZW,QA65Q90RAWXZW,SAMSUNG QA65Q90RAWXZW,https://images.samsung.com/is/image/samsung/tw-qled-q90r-qa65q90rawxzw-frontblack-thumb-157476647
samsung,tv,SAMSUNG 2019 75型 QLED 量子電視 Q90R QA75Q90RAWXZW,QA75Q90RAWXZW,SAMSUNG QA75Q90RAWXZW,https://images.samsung.com/is/image/samsung/tw-qled-q90r-qa75q90rawxzw-frontblack-thumb-157476677
samsung,tv,SAMSUNG 2019 55型 QLED 量子電視 Q80R QA55Q80RAWXZW,QA55Q80RAWXZW,SAMSUNG QA55Q80RAWXZW,https://images.samsung.com/is/image/samsung/tw-qled-q80r-qa55q80rawxzw-frontsilver-thumb-157476835
samsung,tv,SAMSUNG 2019 65型 QLED 量子電視 Q80R QA65Q80RAWXZW,QA65Q80RAWXZW,SAMSUNG QA65Q80RAWXZW,https://images.samsung.com/is/image/samsung/tw-qled-q80r-qa65q80rawxzw-frontsilver-thumb-157476931
samsung,tv,SAMSUNG 2019 75型 QLED 量子電視 Q80R QA75Q80RAWXZW,QA75Q80RAWXZW,SAMSUNG QA75Q80RAWXZW,https://images.samsung.com/is/image/samsung/tw-qled-q80r-qa75q80rawxzw-frontsilver-thumb-157477028
samsung,tv,SAMSUNG 2019 55型 QLED 量子電視 Q70R QA55Q70RAWXZW,QA55Q70RAWXZW,SAMSUNG QA55Q70RAWXZW,https://images.samsung.com/is/image/samsung/tw-qled-q70r-qa55q70rawxzw-frontblack-thumb-157477333
samsung,tv,SAMSUNG 2019 65型 QLED 量子電視 Q70R QA65Q70RAWXZW,QA65Q70RAWXZW,SAMSUNG QA65Q70RAWXZW,https://images.samsung.com/is/image/samsung/tw-qled-q70r-qa65q70rawxzw-frontblack-thumb-157477369
samsung,tv,SAMSUNG 2019 49型 QLED 量子電視 Q60R QA49Q60RAWXZW,QA49Q60RAWXZW,SAMSUNG QA49Q60RAWXZW,https://images.samsung.com/is/image/samsung/tw-qled-q60r-qa49q60rawxzw-frontblack-thumb-157477472
samsung,tv,SAMSUNG 2019 55型 QLED 量子電視 Q60R QA55Q60RAWXZW,QA55Q60RAWXZW,SAMSUNG QA55Q60RAWXZW,https://images.samsung.com/is/image/samsung/tw-qled-q60r-qa55q60rawxzw-frontblack-thumb-157477495
samsung,tv,SAMSUNG 2019 65型 QLED 量子電視 Q60R QA65Q60RAWXZW,QA65Q60RAWXZW,SAMSUNG QA65Q60RAWXZW,https://images.samsung.com/is/image/samsung/tw-qled-q60r-qa65q60rawxzw-frontblack-thumb-157477512
samsung,tv,SAMSUNG 2019 75型 QLED 量子電視 Q60R QA75Q60RAWXZW,QA75Q60RAWXZW,SAMSUNG QA75Q60RAWXZW,https://images.samsung.com/is/image/samsung/tw-qled-q60r-qa75q60rawxzw-frontblack-thumb-157477543
samsung,tv,SAMSUNG 2019 82型 QLED 量子電視 Q60R QA82Q60RAWXZW,QA82Q60RAWXZW,SAMSUNG QA82Q60RAWXZW,https://images.samsung.com/is/image/samsung/tw-qled-q60r-qa82q60rawxzw-frontblack-thumb-157477561
samsung,tv,SAMSUNG 2019 65型 QLED 8K 量子電視 Q900R QA65Q900RBWXZW,QA65Q900RBWXZW,SAMSUNG QA65Q900RBWXZW,https://images.samsung.com/is/image/samsung/tw-qled-q900r-qa65q900rbwxzw-frontlogoblack-thumb-171903565
samsung,tv,SAMSUNG 2019 75型 QLED 8K 量子電視 Q900R QA75Q900RBWXZW,QA75Q900RBWXZW,SAMSUNG QA75Q900RBWXZW,https://images.samsung.com/is/image/samsung/tw-qled-q900r-qa75q900rbwxzw-frontlogoblack-thumb-157477927
samsung,tv,SAMSUNG 2019 82型 QLED 8K 量子電視 Q900R QA82Q900RBWXZW,QA82Q900RBWXZW,SAMSUNG QA82Q900RBWXZW,https://images.samsung.com/is/image/samsung/tw-qled-q900r-qa82q900rbwxzw-frontlogoblack-thumb-157478019
samsung,tv,SAMSUNG 2019 98型 QLED 8K 量子電視 Q900R QA98Q900RBWXZW,QA98Q900RBWXZW,SAMSUNG QA98Q900RBWXZW,https://images.samsung.com/is/image/samsung/tw-qled-q900r-qa98q900rbwxzw-frontlogoblack-thumb-182391888
samsung,tv,SAMSUNG 43型 4K UHD 電視 RU7400 UA43RU7400WXZW,UA43RU7400WXZW,SAMSUNG UA43RU7400WXZW,https://images.samsung.com/is/image/samsung/tw-ru7400-global-ua43ru7400wxzw-frontsilver-thumb-158145542
samsung,tv,SAMSUNG 50型 4K UHD 電視 RU7400 UA50RU7400WXZW,UA50RU7400WXZW,SAMSUNG UA50RU7400WXZW,https://images.samsung.com/is/image/samsung/tw-ru7400-global-ua50ru7400wxzw-frontsilver-thumb-158145643
samsung,tv,SAMSUNG 55型 4K UHD 電視 RU7400 UA55RU7400WXZW,UA55RU7400WXZW,SAMSUNG UA55RU7400WXZW,https://images.samsung.com/is/image/samsung/tw-ru7400-global-ua55ru7400wxzw-frontsilver-thumb-158145739
samsung,tv,SAMSUNG 65型 4K UHD 電視 RU7400 UA65RU7400WXZW,UA65RU7400WXZW,SAMSUNG UA65RU7400WXZW,https://images.samsung.com/is/image/samsung/tw-ru7400-global-ua65ru7400wxzw-frontsilver-thumb-158145762
samsung,tv,SAMSUNG 49型 4K UHD 曲面電視 RU7300 UA49RU7300WXZW,UA49RU7300WXZW,SAMSUNG UA49RU7300WXZW,https://images.samsung.com/is/image/samsung/tw-ru7300-ua49ru7300wxzw-lperspectiveblack-thumb-158145859
samsung,tv,SAMSUNG 55型 4K UHD 曲面電視 RU7300 UA55RU7300WXZW,UA55RU7300WXZW,SAMSUNG UA55RU7300WXZW,https://images.samsung.com/is/image/samsung/tw-ru7300-ua55ru7300wxzw-lperspectiveblack-thumb-158145882
samsung,tv,SAMSUNG 65型 4K UHD 曲面電視 RU7300 UA65RU7300WXZW,UA65RU7300WXZW,SAMSUNG UA65RU7300WXZW,https://images.samsung.com/is/image/samsung/tw-ru7300-ua65ru7300wxzw-lperspectiveblack-thumb-158145905
samsung,tv,SAMSUNG 43型 4K UHD 電視 RU7100 UA43RU7100WXZW,UA43RU7100WXZW,SAMSUNG UA43RU7100WXZW,https://images.samsung.com/is/image/samsung/tw-ru7100-ua43ru7100wxzw-frontblack-thumb-158146350
samsung,tv,SAMSUNG 50型 4K UHD 電視 RU7100 UA50RU7100WXZW,UA50RU7100WXZW,SAMSUNG UA50RU7100WXZW,https://images.samsung.com/is/image/samsung/tw-ru7100-ua50ru7100wxzw-frontblack-thumb-158146373
samsung,tv,SAMSUNG 55型 4K UHD 電視 RU7100 UA55RU7100WXZW,UA55RU7100WXZW,SAMSUNG UA55RU7100WXZW,https://images.samsung.com/is/image/samsung/tw-ru7100-ua55ru7100wxzw-frontblack-thumb-158146397
samsung,tv,SAMSUNG 58型 4K UHD 電視 RU7100 UA58RU7100WXZW,UA58RU7100WXZW,SAMSUNG UA58RU7100WXZW,https://images.samsung.com/is/image/samsung/tw-ru7100-ua58ru7100wxzw-frontblack-thumb-158146421
samsung,tv,SAMSUNG 65型 4K UHD 電視 RU7100 UA65RU7100WXZW,UA65RU7100WXZW,SAMSUNG UA65RU7100WXZW,https://images.samsung.com/is/image/samsung/tw-ru7100-ua65ru7100wxzw-frontblack-thumb-158146444
samsung,tv,SAMSUNG 75型 4K UHD 電視 RU7100 UA75RU7100WXZW,UA75RU7100WXZW,SAMSUNG UA75RU7100WXZW,https://images.samsung.com/is/image/samsung/tw-ru7100-ua75ru7100wxzw-frontblack-thumb-158146467
samsung,tv,SAMSUNG 2020 55型 QLED 4K 量子電視 Q95T QA55Q95TAWXZW,QA55Q95TAWXZW,SAMSUNG QA55Q95TAWXZW,https://images.samsung.com/is/image/samsung/tw-qledtv-q95t-qa55q95tawxzw-frontsilver-thumb-228554161
samsung,tv,SAMSUNG 2020 65型 QLED 4K 量子電視 Q95T QA65Q95TAWXZW,QA65Q95TAWXZW,SAMSUNG QA65Q95TAWXZW,https://images.samsung.com/is/image/samsung/tw-qledtv-q95t-qa65q95tawxzw-frontsilver-thumb-228554270
samsung,tv,SAMSUNG 2020 75型 QLED 4K 量子電視 Q95T	 QA75Q95TAWXZW,QA75Q95TAWXZW,SAMSUNG QA75Q95TAWXZW,https://images.samsung.com/is/image/samsung/tw-qledtv-q95t-qa75q95tawxzw-frontsilver-thumb-228554372
samsung,tv,SAMSUNG 2020 55型 QLED 4K 量子電視 Q70T QA55Q70TAWXZW,QA55Q70TAWXZW,SAMSUNG QA55Q70TAWXZW,https://images.samsung.com/is/image/samsung/tw-qledtv-q70t-qa55q70tawxzw-frontsilver-thumb-228554533
samsung,tv,SAMSUNG 2020 65型 QLED 4K 量子電視 Q70T QA65Q70TAWXZW,QA65Q70TAWXZW,SAMSUNG QA65Q70TAWXZW,https://images.samsung.com/is/image/samsung/tw-qledtv-q70t-qa65q70tawxzw-frontsilver-thumb-228554567
samsung,tv,SAMSUNG 2020 75型 QLED 4K 量子電視 Q70T QA75Q70TAWXZW,QA75Q70TAWXZW,SAMSUNG QA75Q70TAWXZW,https://images.samsung.com/is/image/samsung/tw-qledtv-q70t-qa75q70tawxzw-frontsilver-thumb-228554594
samsung,tv,SAMSUNG 2020 85型 QLED 4K 量子電視 Q70T	 QA85Q70TAWXZW,QA85Q70TAWXZW,SAMSUNG QA85Q70TAWXZW,https://images.samsung.com/is/image/samsung/tw-qledtv-q70t-qa85q70tawxzw-thumb-Eclipse-Silver-230286875
samsung,tv,SAMSUNG 2020 43型 QLED 4K 量子電視 Q60T QA43Q60TAWXZW,QA43Q60TAWXZW,SAMSUNG QA43Q60TAWXZW,https://images.samsung.com/is/image/samsung/tw-qledtv-q60t-qa43q60tawxzw-frontblack-thumb-228554699
samsung,tv,SAMSUNG 2020 50型 QLED 4K 量子電視 Q60T QA50Q60TAWXZW,QA50Q60TAWXZW,SAMSUNG QA50Q60TAWXZW,https://images.samsung.com/is/image/samsung/tw-qledtv-q60t-qa50q60tawxzw-frontblack-thumb-228554801
samsung,tv,SAMSUNG 2020 55型 QLED 4K 量子電視 Q60T QA55Q60TAWXZW,QA55Q60TAWXZW,SAMSUNG QA55Q60TAWXZW,https://images.samsung.com/is/image/samsung/tw-qledtv-q60t-qa55q60tawxzw-frontblack-thumb-228554904
samsung,tv,SAMSUNG 2020 65型 QLED 4K 量子電視 Q60T QA65Q60TAWXZW,QA65Q60TAWXZW,SAMSUNG QA65Q60TAWXZW,https://images.samsung.com/is/image/samsung/tw-qledtv-q60t-qa65q60tawxzw-frontblack-thumb-228555001
samsung,tv,SAMSUNG 2020 50型 Crystal 4K UHD 電視 TU8500 UA50TU8500WXZW,UA50TU8500WXZW,SAMSUNG UA50TU8500WXZW,https://images.samsung.com/is/image/samsung/tw-uhd-tu8500-ua50tu8500wxzw-frontblack-thumb-228555128
samsung,tv,SAMSUNG 2020 55型 Crystal 4K UHD 電視 TU8500 UA55TU8500WXZW,UA55TU8500WXZW,SAMSUNG UA55TU8500WXZW,https://images.samsung.com/is/image/samsung/tw-uhd-tu8500-ua55tu8500wxzw-frontblack-thumb-228555226
samsung,tv,SAMSUNG 2020 65型 Crystal 4K UHD 電視 TU8500 UA65TU8500WXZW,UA65TU8500WXZW,SAMSUNG UA65TU8500WXZW,https://images.samsung.com/is/image/samsung/tw-uhd-tu8500-ua65tu8500wxzw-frontblack-thumb-228555327
samsung,tv,SAMSUNG 2020 70型 Crystal 4K UHD 電視 TU7000 UA70TU7000WXZW,UA70TU7000WXZW,SAMSUNG UA70TU7000WXZW,https://images.samsung.com/is/image/samsung/tw-uhd-tu7000-ua70tu7000wxzw-fronttitangray-thumb-228555940
samsung,tv,SAMSUNG 2020 50型 The Frame 美學電視 QA50LS03TAWXZW,QA50LS03TAWXZW,SAMSUNG QA50LS03TAWXZW,https://images.samsung.com/is/image/samsung/tw-the-frame-ls03t-qa50ls03tawxzw-frontblack-thumb-228556077
samsung,tv,SAMSUNG 2020 75型 QLED 8K 量子電視 Q950TS QA75Q950TSWXZW,QA75Q950TSWXZW,SAMSUNG QA75Q950TSWXZW,https://images.samsung.com/is/image/samsung/tw-qled8k-q950ts-qa75q950tswxzw-frontblack-thumb-228963174
samsung,tv,SAMSUNG 2020 85型 QLED 8K 量子電視 Q950TS QA85Q950TSWXZW,QA85Q950TSWXZW,SAMSUNG QA85Q950TSWXZW,https://images.samsung.com/is/image/samsung/tw-qled8k-q950ts-qa85q950tswxzw-frontblack-thumb-228963279
samsung,tv,SAMSUNG 2020 49型 The Serif 風格電視 QA49LS01TAWXZW,QA49LS01TAWXZW,SAMSUNG QA49LS01TAWXZW,https://images.samsung.com/is/image/samsung/tw-the-serif-ls01t-qa49ls01tawxzw-frontwhite-thumb-229154450
samsung,tv,SAMSUNG 2020 43型 The Sero 翻轉電視 QA43LS05TAWXZW,QA43LS05TAWXZW,SAMSUNG QA43LS05TAWXZW,https://images.samsung.com/is/image/samsung/tw-the-sero-ls05t-qa43ls05tawxzw-frontnavyblue-thumb-229154780
samsung,tv,SAMSUNG 2020 43型 Crystal UHD 電視 TU8000 UA43TU8000WXZW,UA43TU8000WXZW,SAMSUNG UA43TU8000WXZW,https://images.samsung.com/is/image/samsung/tw-uhd-tu8000-ua43tu8000wxzw-frontblack-thumb-229422220
samsung,tv,SAMSUNG 2020 50型 Crystal UHD 電視 TU8000 UA50TU8000WXZW,UA50TU8000WXZW,SAMSUNG UA50TU8000WXZW,https://images.samsung.com/is/image/samsung/tw-uhd-tu8000-ua50tu8000wxzw-frontblack-thumb-229422320
samsung,tv,SAMSUNG 2020 55型 Crystal UHD 電視 TU8000 UA55TU8000WXZW,UA55TU8000WXZW,SAMSUNG UA55TU8000WXZW,https://images.samsung.com/is/image/samsung/tw-uhd-tu8000-ua55tu8000wxzw-frontblack-thumb-229422420
samsung,tv,SAMSUNG 2020 65型 Crystal UHD 電視 TU8000 UA65TU8000WXZW,UA65TU8000WXZW,SAMSUNG UA65TU8000WXZW,https://images.samsung.com/is/image/samsung/tw-uhd-tu8000-ua65tu8000wxzw-frontblack-thumb-229422520
samsung,tv,SAMSUNG 2020 75型 Crystal UHD 電視 TU8000 UA75TU8000WXZW,UA75TU8000WXZW,SAMSUNG UA75TU8000WXZW,https://images.samsung.com/is/image/samsung/tw-uhd-tu8000-ua75tu8000wxzw-frontblack-thumb-229422620
samsung,tv,SAMSUNG 2020 82型 Crystal UHD 電視 TU8000 UA82TU8000WXZW,UA82TU8000WXZW,SAMSUNG UA82TU8000WXZW,https://images.samsung.com/is/image/samsung/tw-uhd-tu8000-ua82tu8000wxzw-frontblack-thumb-231374813
samsung,tv,SAMSUNG 2020 65型 QLED 8K 量子電視 Q800T QA65Q800TAWXZW,QA65Q800TAWXZW,SAMSUNG QA65Q800TAWXZW,https://images.samsung.com/is/image/samsung/tw-qled8k-q800t-qa65q800tawxzw-frontsilver-thumb-229445478
samsung,tv,SAMSUNG 2020 75型 QLED 8K 量子電視 Q800T QA75Q800TAWXZW,QA75Q800TAWXZW,SAMSUNG QA75Q800TAWXZW,https://images.samsung.com/is/image/samsung/tw-qled8k-q800t-qa75q800tawxzw-frontsilver-thumb-229445505
samsung,tv,SAMSUNG 2020 82型 QLED 8K 量子電視 Q800T QA82Q800TAWXZW,QA82Q800TAWXZW,SAMSUNG QA82Q800TAWXZW,https://images.samsung.com/is/image/samsung/tw-qled8k-q800t-qa82q800tawxzw-frontsilver-thumb-229445532
samsung,tv,SAMSUNG 2020 55型 QLED 4K 量子電視 Q80T QA55Q80TAWXZW,QA55Q80TAWXZW,SAMSUNG QA55Q80TAWXZW,https://images.samsung.com/is/image/samsung/tw-qledtv-q80t-qa55q80tawxzw-frontsilver-thumb-266708939
samsung,tv,SAMSUNG 2020 65型 QLED 4K 量子電視 Q80T QA65Q80TAWXZW,QA65Q80TAWXZW,SAMSUNG QA65Q80TAWXZW,https://images.samsung.com/is/image/samsung/tw-qledtv-q80t-qa65q80tawxzw-frontsilver-thumb-266709040
