sony,tv,SONY 65 型 4K OLED 智慧電視 (Android TV) KD-65A8H,KD-65A8H,SONY KD-65A8H,https://store.sony.com.tw//resource/product_files/KD-65A8H/KD-65A8H_pi.jpg
sony,tv,SONY 55 型 4K OLED 智慧電視 (Android TV) KD-55A8H,KD-55A8H,SONY KD-55A8H,https://store.sony.com.tw//resource/product_files/KD-55A8H/KD-55A8H_pi.jpg
sony,tv,SONY 48 型 4K OLED 智慧電視 (Android TV) KD-48A9S,KD-48A9S,SONY KD-48A9S,https://store.sony.com.tw//resource/product_files/KD-48A9S/KD-48A9S_pi.jpg
sony,tv,SONY 85 型 4K 顯示器 KM-85X9000H,KM-85X9000H,SONY KM-85X9000H,https://store.sony.com.tw//resource/product_files/KM-85X9000H/KM-85X9000H_pi.jpg
sony,tv,SONY 75 型 4K 顯示器 KM-75X9000H,KM-75X9000H,SONY KM-75X9000H,https://store.sony.com.tw//resource/product_files/KM-75X9000H/KM-75X9000H_pi.jpg
sony,tv,SONY 65 型 4K 顯示器 KM-65X9000H,KM-65X9000H,SONY KM-65X9000H,https://store.sony.com.tw//resource/product_files/KM-65X9000H/KM-65X9000H_pi.jpg
sony,tv,SONY 55 型 4K 顯示器 KM-55X9000H,KM-55X9000H,SONY KM-55X9000H,https://store.sony.com.tw//resource/product_files/KM-55X9000H/KM-55X9000H_pi.jpg
sony,tv,SONY 85 型 8K 智慧電視 (Android TV) KD-85Z8H,KD-85Z8H,SONY KD-85Z8H,https://store.sony.com.tw//resource/product_files/KD-85Z8H/KD-85Z8H_pi.jpg
sony,tv,SONY 65 型 4K 智慧電視 (Android TV) KD-65X9500H,KD-65X9500H,SONY KD-65X9500H,https://store.sony.com.tw//resource/product_files/KD-65X9500H/KD-65X9500H_pi.jpg
sony,tv,SONY 75 型 4K 智慧電視 (Android TV) KD-75X8000H,KD-75X8000H,SONY KD-75X8000H,https://store.sony.com.tw//resource/product_files/KD-75X8000H/KD-75X8000H_pi.jpg
sony,tv,SONY 65 型 4K 智慧電視 (Android TV) KD-65X8000H,KD-65X8000H,SONY KD-65X8000H,https://store.sony.com.tw//resource/product_files/KD-65X8000H/KD-65X8000H_pi.jpg
sony,tv,SONY 55 型 4K 智慧電視 (Android TV) KD-55X8000H,KD-55X8000H,SONY KD-55X8000H,https://store.sony.com.tw//resource/product_files/KD-55X8000H/KD-55X8000H_pi.jpg
sony,tv,SONY 49 型 4K 智慧電視 (Android TV) KD-49X8500H,KD-49X8500H,SONY KD-49X8500H,https://store.sony.com.tw//resource/product_files/KD-49X8500H/KD-49X8500H_pi.jpg
sony,tv,SONY 55 型 4K 智慧電視 (Android TV) KD-55X9500H,KD-55X9500H,SONY KD-55X9500H,https://store.sony.com.tw//resource/product_files/KD-55X9500H/KD-55X9500H_pi.jpg
sony,tv,SONY 49 型 4K 智慧電視 (Android TV) KD-49X8000H,KD-49X8000H,SONY KD-49X8000H,https://store.sony.com.tw//resource/product_files/KD-49X8000H/KD-49X8000H_pi.jpg
sony,tv,SONY 43 型 4K 智慧電視 (Android TV) KD-43X8000H,KD-43X8000H,SONY KD-43X8000H,https://store.sony.com.tw//resource/product_files/KD-43X8000H/KD-43X8000H_pi.jpg
sony,tv,SONY 85 型 4K 智慧電視 (Android TV) KD-85X8000H,KD-85X8000H,SONY KD-85X8000H,https://store.sony.com.tw//resource/product_files/KD-85X8000H/KD-85X8000H_pi.jpg
sony,tv,SONY 75 型 4K 智慧電視 (Android TV) KD-75X9500H,KD-75X9500H,SONY KD-75X9500H,https://store.sony.com.tw//resource/product_files/KD-75X9500H/KD-75X9500H_pi.jpg
sony,tv,SONY 85 型 8K 智慧電視 (Android TV) KD-85Z9G,KD-85Z9G,SONY KD-85Z9G,https://store.sony.com.tw//resource/product_files/KD-85Z9G/KD-85Z9G_pi.jpg
sony,tv,SONY 65 型 4K 智慧電視 KD-65X7000G,KD-65X7000G,SONY KD-65X7000G,https://store.sony.com.tw//resource/product_files/KD-65X7000G/KD-65X7000G_pi.jpg
sony,tv,SONY 55 型 4K 智慧電視 KD-55X7000G,KD-55X7000G,SONY KD-55X7000G,https://store.sony.com.tw//resource/product_files/KD-55X7000G/KD-55X7000G_pi.jpg
sony,tv,SONY 49 型 4K 智慧電視 KD-49X7000G,KD-49X7000G,SONY KD-49X7000G,https://store.sony.com.tw//resource/product_files/KD-49X7000G/KD-49X7000G_pi.jpg
sony,tv,SONY 43 型 4K 智慧電視 KD-43X7000G,KD-43X7000G,SONY KD-43X7000G,https://store.sony.com.tw//resource/product_files/KD-43X7000G/KD-43X7000G_pi.jpg
sony,tv,SONY 65 型 4K OLED 智慧電視 (Android TV) KD-65A8G,KD-65A8G,SONY KD-65A8G,https://store.sony.com.tw//resource/product_files/KD-65A8G/KD-65A8G_pi.jpg
sony,tv,SONY 55 型 4K OLED 智慧電視 (Android TV) KD-55A8G,KD-55A8G,SONY KD-55A8G,https://store.sony.com.tw//resource/product_files/KD-55A8G/KD-55A8G_pi.jpg
sony,tv,SONY 77 型 4K OLED 智慧電視 (Android TV) KD-77A9G,KD-77A9G,SONY KD-77A9G,https://store.sony.com.tw//resource/product_files/KD-77A9G/KD-77A9G_pi.jpg
sony,tv,SONY 65 型 4K OLED 智慧電視 (Android TV) KD-65A9G,KD-65A9G,SONY KD-65A9G,https://store.sony.com.tw//resource/product_files/KD-65A9G/KD-65A9G_pi.jpg
sony,tv,SONY 55 型 4K OLED 智慧電視 (Android TV) KD-55A9G,KD-55A9G,SONY KD-55A9G,https://store.sony.com.tw//resource/product_files/KD-55A9G/KD-55A9G_pi.jpg
sony,tv,SONY 55 型 4K 智慧電視 (Android TV) KD-55X9500G,KD-55X9500G,SONY KD-55X9500G,https://store.sony.com.tw//resource/product_files/KD-55X9500G/KD-55X9500G_pi.jpg
sony,tv,SONY 85 型 4K 智慧電視 (Android TV) KD-85X9500G,KD-85X9500G,SONY KD-85X9500G,https://store.sony.com.tw//resource/product_files/KD-85X9500G/KD-85X9500G_pi.jpg
sony,tv,SONY 75 型 4K 智慧電視 (Android TV) KD-75X9500G,KD-75X9500G,SONY KD-75X9500G,https://store.sony.com.tw//resource/product_files/KD-75X9500G/KD-75X9500G_pi.jpg
sony,tv,SONY 65 型 4K 智慧電視 (Android TV) KD-65X8500G,KD-65X8500G,SONY KD-65X8500G,https://store.sony.com.tw//resource/product_files/KD-65X8500G/KD-65X8500G_pi.jpg
sony,tv,SONY 49 型 4K 智慧電視 (Android TV) KD-49X8500G,KD-49X8500G,SONY KD-49X8500G,https://store.sony.com.tw//resource/product_files/KD-49X8500G/KD-49X8500G_pi.jpg
sony,tv,SONY 55 型 4K 智慧電視 (Android TV) KD-55X8500G,KD-55X8500G,SONY KD-55X8500G,https://store.sony.com.tw//resource/product_files/KD-55X8500G/KD-55X8500G_pi.jpg
sony,tv,SONY 49 型 4K 智慧電視 (Android TV) KD-49X8000G,KD-49X8000G,SONY KD-49X8000G,https://store.sony.com.tw//resource/product_files/KD-49X8000G/KD-49X8000G_pi.jpg
sony,tv,SONY 75 型 4K 智慧電視 (Android TV) KD-75X8000G,KD-75X8000G,SONY KD-75X8000G,https://store.sony.com.tw//resource/product_files/KD-75X8000G/KD-75X8000G_pi.jpg
sony,tv,SONY 65 型 4K 智慧電視 (Android TV) KD-65X8000G,KD-65X8000G,SONY KD-65X8000G,https://store.sony.com.tw//resource/product_files/KD-65X8000G/KD-65X8000G_pi.jpg
sony,tv,SONY 55 型 4K 智慧電視 (Android TV) KD-55X8000G,KD-55X8000G,SONY KD-55X8000G,https://store.sony.com.tw//resource/product_files/KD-55X8000G/KD-55X8000G_pi.jpg
sony,tv,SONY 43 型 4K 智慧電視 (Android TV) KD-43X8000G,KD-43X8000G,SONY KD-43X8000G,https://store.sony.com.tw//resource/product_files/KD-43X8000G/KD-43X8000G_pi.jpg
sony,tv,SONY 50 型 智慧電視 KDL-50W660G,KDL-50W660G,SONY KDL-50W660G,https://store.sony.com.tw//resource/product_files/KDL-50W660G/KDL-50W660G_pi.jpg
sony,tv,SONY 43 型 智慧電視 KDL-43W660G,KDL-43W660G,SONY KDL-43W660G,https://store.sony.com.tw//resource/product_files/KDL-43W660G/KDL-43W660G_pi.jpg
sony,tv,SONY 32 型 智慧電視 KDL-32W610G,KDL-32W610G,SONY KDL-32W610G,https://store.sony.com.tw//resource/product_files/KDL-32W610G/KDL-32W610G_pi.jpg
sony,tv,SONY 65 型 4K 智慧電視 (Android TV) KD-65X9500G,KD-65X9500G,SONY KD-65X9500G,https://store.sony.com.tw//resource/product_files/KD-65X9500G/KD-65X9500G_pi.jpg
sony,tv,SONY 75 型 4K 智慧電視 (Android TV) KD-75X8500G,KD-75X8500G,SONY KD-75X8500G,https://store.sony.com.tw//resource/product_files/KD-75X8500G/KD-75X8500G_pi.jpg
