bose,sound,BOSE音響 SoundLink Revolve+ 藍牙揚聲器,SoundLink Revolve+ 藍牙揚聲器,SoundLink Revolve+ 藍牙揚聲器,https://assets.bose.com/content/dam/Bose_DAM/Web/consumer_electronics/global/products/speakers/soundlink_revolve_plus_images/product_silo_images/soundlink_revolve_plus_triple_black_EC_hero.psd/jcr:content/renditions/cq5dam.web.320.320.png
bose,sound,BOSE音響 SoundLink Revolve 藍牙揚聲器,SoundLink Revolve 藍牙揚聲器,SoundLink Revolve 藍牙揚聲器,https://assets.bose.com/content/dam/Bose_DAM/Web/consumer_electronics/global/products/speakers/soundlink_revolve_images/product_Silo_Images/soundlink_revolve_triple_black_EC_scaled.psd/jcr:content/renditions/cq5dam.web.320.320.png
bose,sound,BOSE音響 SoundLink Micro 藍牙揚聲器,SoundLink Micro 藍牙揚聲器,SoundLink Micro 藍牙揚聲器,https://assets.bose.com/content/dam/Bose_DAM/Web/consumer_electronics/global/products/speakers/soundlink_micro/product_silo_images/soundlink_micro_black_EC_hero_scaled.psd/jcr:content/renditions/cq5dam.web.320.320.png
bose,sound,BOSE音響 SoundLink Color藍牙揚聲器 II,SoundLink Color藍牙揚聲器 II,SoundLink Color藍牙揚聲器 II,https://assets.bose.com/content/dam/Bose_DAM/Web/consumer_electronics/global/products/speakers/soundlink_color_ii/product_silo_images/soundlink_color_ii_black_EC_hero_scaled.psd/jcr:content/renditions/cq5dam.web.320.320.png
bose,sound,BOSE音響 SoundTouch 10 無線揚聲器,SoundTouch 10 無線揚聲器,SoundTouch 10 無線揚聲器,https://assets.bose.com/content/dam/Bose_DAM/Web/consumer_electronics/global/products/speakers/soundtouch_10_wireless_music_system/product_silo_images/st_10_black_EC_hero.psd/jcr:content/renditions/cq5dam.web.320.320.png
bose,sound,BOSE音響 Companion 5 電腦揚聲器,Companion 5 電腦揚聲器,Companion 5 電腦揚聲器,https://assets.bose.com/content/dam/Bose_DAM/Web/consumer_electronics/global/products/speakers/companion_5_multimedia_speaker_system/product_silo_images/companion5_graphite_EC.psd/jcr:content/renditions/cq5dam.web.320.320.png
bose,sound,BOSE音響 Companion 2 電腦揚聲器,Companion 2 電腦揚聲器,Companion 2 電腦揚聲器,https://assets.bose.com/content/dam/Bose_DAM/Web/consumer_electronics/global/products/speakers/companion_2_series_iii_multimedia_speaker_system/product_silo_images/companion2_black_EC.psd/jcr:content/renditions/cq5dam.web.320.320.png
bose,sound,BOSE音響 SoundTouch 20 無線揚聲器,SoundTouch 20 無線揚聲器,SoundTouch 20 無線揚聲器,https://assets.bose.com/content/dam/Bose_DAM/Web/consumer_electronics/global/products/speakers/soundtouch_20_seriesiii_wireless_music_system/product_silo_images/st_20_seriesIII_black_EC_01_scaled.psd/jcr:content/renditions/cq5dam.web.320.320.png
bose,sound,BOSE音響 SoundTouch 30 無線揚聲器,SoundTouch 30 無線揚聲器,SoundTouch 30 無線揚聲器,https://assets.bose.com/content/dam/Bose_DAM/Web/consumer_electronics/global/products/speakers/soundtouch_30_seriesiii_wireless_music_system/product_silo_images/st_30_black_EC_hero.psd/jcr:content/renditions/cq5dam.web.320.320.png
bose,sound,BOSE音響 Companion 20 電腦揚聲器,Companion 20 電腦揚聲器,Companion 20 電腦揚聲器,https://assets.bose.com/content/dam/Bose_DAM/Web/consumer_electronics/global/products/speakers/companion_20_multimedia_speaker_system/product_silo_images/companion20_silver_EC.psd/jcr:content/renditions/cq5dam.web.320.320.png
bose,sound,BOSE音響 Acoustimass 5 立體聲揚聲器系統,Acoustimass 5 立體聲揚聲器系統,Acoustimass 5 立體聲揚聲器系統,https://assets.bose.com/content/dam/Bose_DAM/Web/consumer_electronics/global/products/speakers/acoustimass_5_series_v_stereo_speaker_system/product_silo_images/am5_seriesV_black_EC.psd/jcr:content/renditions/cq5dam.web.320.320.png
bose,sound,BOSE音響 301 書架揚聲器,301 書架揚聲器,301 書架揚聲器,https://assets.bose.com/content/dam/Bose_DAM/Web/consumer_electronics/global/products/speakers/301_directreflecting_speaker_system/product_silo_images/301_black_EC.psd/jcr:content/renditions/cq5dam.web.320.320.png
bose,sound,BOSE音響 161 書架揚聲器,161 書架揚聲器,161 書架揚聲器,https://assets.bose.com/content/dam/Bose_DAM/Web/consumer_electronics/global/products/speakers/161_speaker_system/product_silo_images/161_black_EC.psd/jcr:content/renditions/cq5dam.web.320.320.png
bose,sound,BOSE音響 791 天花板嵌入式揚聲器 II,791 天花板嵌入式揚聲器 II,791 天花板嵌入式揚聲器 II,https://assets.bose.com/content/dam/Bose_DAM/Web/consumer_electronics/global/products/speakers/virtually_invisible_791_inceiling_speakers_ii/product_silo_images/virtually_invisible_791_ii_EC_hero.psd/jcr:content/renditions/cq5dam.web.320.320.png
bose,sound,BOSE音響 Free Space 51 戶外揚聲器,Free Space 51 戶外揚聲器,Free Space 51 戶外揚聲器,https://assets.bose.com/content/dam/Bose_DAM/Web/consumer_electronics/global/products/speakers/free_space_51_environmental_speakers/product_silo_images/fs51_green_EC_01.psd/jcr:content/renditions/cq5dam.web.320.320.png
bose,sound,BOSE音響 151 戶外揚聲器,151 戶外揚聲器,151 戶外揚聲器,https://assets.bose.com/content/dam/Bose_DAM/Web/consumer_electronics/global/products/speakers/151_se_environmental_speakers/product_silo_images/151_black_EC.psd/jcr:content/renditions/cq5dam.web.320.320.png
bose,sound,BOSE音響 251 戶外揚聲器,251 戶外揚聲器,251 戶外揚聲器,https://assets.bose.com/content/dam/Bose_DAM/Web/consumer_electronics/global/products/speakers/251_environmental_speakers/product_silo_images/251_black_EC.psd/jcr:content/renditions/cq5dam.web.320.320.png
bose,sound,BOSE音響 SoundLink Mini 揚聲器 II - 特別版,SoundLink Mini 揚聲器 II - 特別版,SoundLink Mini 揚聲器 II - 特別版,https://assets.bose.com/content/dam/Bose_DAM/Web/consumer_electronics/global/products/speakers/soundlink_mini_ii/product_silo_images/slmiise_black_EC_hero.psd/jcr:content/renditions/cq5dam.web.320.320.png
bose,sound,BOSE音響 SoundWear Companion 揚聲器,SoundWear Companion 揚聲器,SoundWear Companion 揚聲器,https://assets.bose.com/content/dam/Bose_DAM/Web/consumer_electronics/global/products/speakers/soundwear_companion/product_silo_images/soundwear_companion_black_EC_hero.psd/jcr:content/renditions/cq5dam.web.320.320.png
bose,sound,BOSE音響 Bose 可攜式智慧型揚聲器,Bose 可攜式智慧型揚聲器,Bose 可攜式智慧型揚聲器,https://assets.bose.com/content/dam/Bose_DAM/Web/consumer_electronics/global/products/speakers/bose_portable_home_speaker/product_silo_images/bose_portable_home_speaker_black_custom_silo.psd/jcr:content/renditions/cq5dam.web.320.320.png
