edifer,sound,EDIFIER M2280 2.0聲道喇叭,EDIFIER M2280 2.0聲道喇叭,EDIFIER M2280 2.0聲道喇叭,https://shop.edifier.com.tw//photo2011/prod_2019/6/F4210079-A.jpg
edifer,sound,EDIFIER 漫步者 R33BT 2.0聲道藍牙喇叭,EDIFIER 漫步者 R33BT 2.0聲道藍牙喇叭,EDIFIER 漫步者 R33BT 2.0聲道藍牙喇叭,https://shop.edifier.com.tw//photo2011/prod_2020/11/F4213118_0.jpg
edifer,sound,EDIFIER 漫步者 AIRPULSE A80 主動式喇叭,EDIFIER 漫步者 AIRPULSE A80 主動式喇叭,EDIFIER 漫步者 AIRPULSE A80 主動式喇叭,https://shop.edifier.com.tw//photo2011/prod_2020/10/F4213103-A.jpg
edifer,sound,鋁合金角錐,鋁合金角錐,鋁合金角錐,https://shop.edifier.com.tw//photo2011/prod_2020/9/F4213100-A.jpg
edifer,sound,EDIFIER 漫步者 R1855DB 2.0聲道藍牙喇叭,EDIFIER 漫步者 R1855DB 2.0聲道藍牙喇叭,EDIFIER 漫步者 R1855DB 2.0聲道藍牙喇叭,https://shop.edifier.com.tw//photo2011/prod_2020/9/F4213097-A.jpg
edifer,sound,EDIFIER  M206BT 2.1主動式 藍牙喇叭,EDIFIER  M206BT 2.1主動式 藍牙喇叭,EDIFIER  M206BT 2.1主動式 藍牙喇叭,https://shop.edifier.com.tw//photo2011/prod_2020/8/F4210221-A.jpg
edifer,sound,EDIFIER  R201TIII 三件式重低音喇叭 黑色,EDIFIER  R201TIII 三件式重低音喇叭 黑色,EDIFIER  R201TIII 三件式重低音喇叭 黑色,https://shop.edifier.com.tw//photo2011/prod_2020/8/F4213093-A.jpg
edifer,sound,EDIFIER  R1580MB 二件式藍牙喇叭 黑色,EDIFIER  R1580MB 二件式藍牙喇叭 黑色,EDIFIER  R1580MB 二件式藍牙喇叭 黑色,https://shop.edifier.com.tw//photo2011/prod_2020/8/F4213092-A.jpg
edifer,sound,Edifier  S2000MKIII 經典主動式喇叭,Edifier  S2000MKIII 經典主動式喇叭,Edifier  S2000MKIII 經典主動式喇叭,https://shop.edifier.com.tw//photo2011/prod_2020/5/F4213084-A.jpg
edifer,sound,EDIFIER G2000 2.0 電競游戲藍牙音箱,EDIFIER G2000 2.0 電競游戲藍牙音箱,EDIFIER G2000 2.0 電競游戲藍牙音箱,https://shop.edifier.com.tw//photo2011/prod_2020/8/F4213055-A.jpg
edifer,sound,AIRPULSE A100 2.0聲道 藍牙喇叭音響 -限量紅,AIRPULSE A100 2.0聲道 藍牙喇叭音響 -限量紅,AIRPULSE A100 2.0聲道 藍牙喇叭音響 -限量紅,https://shop.edifier.com.tw//photo2011/prod_2019/10/F4210200-A.jpg
edifer,sound,Edifier R1280DB 2.0聲道藍牙喇叭,Edifier R1280DB 2.0聲道藍牙喇叭,Edifier R1280DB 2.0聲道藍牙喇叭,https://shop.edifier.com.tw//photo2011/prod_2019/6/F4213046-A.jpg
edifer,sound,Edifier XM3BT 2.1聲道多媒體喇叭,Edifier XM3BT 2.1聲道多媒體喇叭,Edifier XM3BT 2.1聲道多媒體喇叭,https://shop.edifier.com.tw//photo2011/prod_2019/5/F4213029-A.jpg
edifer,sound,EDIFIER M2290BT 兩件式喇叭,EDIFIER M2290BT 兩件式喇叭,EDIFIER M2290BT 兩件式喇叭,https://shop.edifier.com.tw//photo2011/prod_2019/6/F4213028-A.jpg
edifer,sound,EDIFIER S3000Pro 2.0聲道 藍牙喇叭,EDIFIER S3000Pro 2.0聲道 藍牙喇叭,EDIFIER S3000Pro 2.0聲道 藍牙喇叭,https://shop.edifier.com.tw//photo2011/prod_2019/6/F4213008-A.jpg
edifer,sound,AIRPULSE ST300  (A300 腳架),AIRPULSE ST300  (A300 腳架),AIRPULSE ST300  (A300 腳架),https://shop.edifier.com.tw//photo2011/prod_2019/6/F4212968-A.jpg
edifer,sound,AIRPULSE A300 2.0聲道 藍牙喇叭音響,AIRPULSE A300 2.0聲道 藍牙喇叭音響,AIRPULSE A300 2.0聲道 藍牙喇叭音響,https://shop.edifier.com.tw//photo2011/prod_2019/6/F4212967-A.jpg
edifer,sound,AIRPULSE A100 2.0聲道 藍牙喇叭音響 (黑),AIRPULSE A100 2.0聲道 藍牙喇叭音響 (黑),AIRPULSE A100 2.0聲道 藍牙喇叭音響 (黑),https://shop.edifier.com.tw//photo2011/prod_2019/6/F4212966-A.jpg
edifer,sound,EDIFIER S360DB 2.1聲道 藍牙喇叭,EDIFIER S360DB 2.1聲道 藍牙喇叭,EDIFIER S360DB 2.1聲道 藍牙喇叭,https://shop.edifier.com.tw//photo2011/prod_2019/6/F4212930-A.jpg
edifer,sound,EDIFIER  S350DB  2.1聲道 藍牙喇叭,EDIFIER  S350DB  2.1聲道 藍牙喇叭,EDIFIER  S350DB  2.1聲道 藍牙喇叭,https://shop.edifier.com.tw//photo2011/prod_2019/6/F4212872-A.jpg
edifer,sound,EDIFIER  C2V  2.1聲道喇叭,EDIFIER  C2V  2.1聲道喇叭,EDIFIER  C2V  2.1聲道喇叭,https://shop.edifier.com.tw//photo2011/prod_2019/6/F4212868-A.jpg
edifer,sound,SS01 E系列喇叭專用腳架 黑色,SS01 E系列喇叭專用腳架 黑色,SS01 E系列喇叭專用腳架 黑色,https://shop.edifier.com.tw//photo2011/prod_2019/6/F4212818-A.jpg
edifer,sound,SS01 E系列喇叭專用腳架 紅色,SS01 E系列喇叭專用腳架 紅色,SS01 E系列喇叭專用腳架 紅色,https://shop.edifier.com.tw//photo2011/prod_2019/6/F4212819-A.jpg
edifer,sound,ST200 AIRPULSE A200專用腳架,ST200 AIRPULSE A200專用腳架,ST200 AIRPULSE A200專用腳架,https://shop.edifier.com.tw//photo2011/prod_2019/6/F4212820-A.jpg
edifer,sound,AIRPULSE A200 2.0聲道 藍牙喇叭音響,AIRPULSE A200 2.0聲道 藍牙喇叭音響,AIRPULSE A200 2.0聲道 藍牙喇叭音響,https://shop.edifier.com.tw//photo2011/prod_2019/6/F4212817-A.jpg
edifer,sound,EDIFIER  e235 低音愛好者 2.1聲道 藍牙喇叭 曜石黑,EDIFIER  e235 低音愛好者 2.1聲道 藍牙喇叭 曜石黑,EDIFIER  e235 低音愛好者 2.1聲道 藍牙喇叭 曜石黑,https://shop.edifier.com.tw//photo2011/prod_2019/6/F4210128-A.jpg
edifer,sound,EDIFIER e235 低音愛好者 2.1聲道 藍牙喇叭 烈焰紅,EDIFIER e235 低音愛好者 2.1聲道 藍牙喇叭 烈焰紅,EDIFIER e235 低音愛好者 2.1聲道 藍牙喇叭 烈焰紅,https://shop.edifier.com.tw//photo2011/prod_2019/6/F4212807-A.jpg
edifer,sound,EDIFIER e255 家庭劇院 5.1聲道喇叭 烈焰紅,EDIFIER e255 家庭劇院 5.1聲道喇叭 烈焰紅,EDIFIER e255 家庭劇院 5.1聲道喇叭 烈焰紅,https://shop.edifier.com.tw//photo2011/prod_2019/6/F4212805-A.jpg
edifer,sound,EDIFIER  M1380 2.1聲道喇叭,EDIFIER  M1380 2.1聲道喇叭,EDIFIER  M1380 2.1聲道喇叭,https://shop.edifier.com.tw//photo2011/prod_2019/6/F4212802-A.jpg
edifer,sound,EDIFIER C2XD 2.1聲道喇叭,EDIFIER C2XD 2.1聲道喇叭,EDIFIER C2XD 2.1聲道喇叭,https://shop.edifier.com.tw//photo2011/prod_2019/6/F4212793-A.jpg
edifer,sound,EDIFIER R1800TIII 2.0聲道 喇叭,EDIFIER R1800TIII 2.0聲道 喇叭,EDIFIER R1800TIII 2.0聲道 喇叭,https://shop.edifier.com.tw//photo2011/prod_2018/4/F4212796-A.jpg
edifer,sound,EDIFIER R12U 2.0聲道喇叭 紅,EDIFIER R12U 2.0聲道喇叭 紅,EDIFIER R12U 2.0聲道喇叭 紅,https://shop.edifier.com.tw//photo2011/prod_2019/6/F4212752-A.jpg
edifer,sound,EDIFIER R12U 2.0聲道喇叭 黑,EDIFIER R12U 2.0聲道喇叭 黑,EDIFIER R12U 2.0聲道喇叭 黑,https://shop.edifier.com.tw//photo2011/prod_2019/6/F4212753-A.jpg
edifer,sound,EDIFIER R2000DB 2.0聲道 藍牙喇叭,EDIFIER R2000DB 2.0聲道 藍牙喇叭,EDIFIER R2000DB 2.0聲道 藍牙喇叭,https://shop.edifier.com.tw//photo2011/prod_2019/6/F4212733-A.jpg
edifer,sound,EDIFIER  M1360 2.1聲道喇叭 黑,EDIFIER  M1360 2.1聲道喇叭 黑,EDIFIER  M1360 2.1聲道喇叭 黑,https://shop.edifier.com.tw//photo2011/prod_2019/6/F4212411-A.jpg
