logitech,sound,LOGITECH音響 Z407 Bluetooth Computer Speakers with Subwoofer and Wireless control,Z407 Bluetooth Computer Speakers with Subwoofer and Wireless control,LOGITECH Z407 Bluetooth Computer Speakers with Subwoofer and Wireless control,https://www.logitech.com/content/dam/logitech/en/products/speakers/z407-bluetooth-speakers/gallery/z407-glamour-lg.png
logitech,sound,LOGITECH音響 Z607 5.1 Surround Sound Speaker System,Z607 5.1 Surround Sound Speaker System,LOGITECH Z607 5.1 Surround Sound Speaker System,https://www.logitech.com/assets/65551/2/z607-merida-pdp.png
logitech,sound,LOGITECH音響 G560,G560,LOGITECH G560,https://www.logitech.com/assets/65424/22/g560-lightsync-pc-gaming-speakers.png
logitech,sound,LOGITECH音響 具備藍牙功能的 Z337 音箱系統,具備藍牙功能的 Z337 音箱系統,LOGITECH 具備藍牙功能的 Z337 音箱系統,https://www.logitech.com/assets/64764/11/z337-speaker-system-with-bluetooth.png
logitech,sound,LOGITECH音響 X50 藍牙無線音箱,X50 藍牙無線音箱,LOGITECH X50 藍牙無線音箱,https://www.logitech.com/assets/53934/31/x50-wireless-speaker.png
logitech,sound,LOGITECH音響 X300 Mobile Wireless Stereo Speaker,X300 Mobile Wireless Stereo Speaker,LOGITECH X300 Mobile Wireless Stereo Speaker,https://www.logitech.com/assets/51774/14/x300-mobile-wireless-speaker.png
logitech,sound,LOGITECH音響 無線音箱X100,無線音箱X100,LOGITECH 無線音箱X100,https://www.logitech.com/assets/50628/7/logitech-x100-mobile-wireless-speaker.png
logitech,sound,LOGITECH音響 具備重低音音箱和光纖輸入的 Z625 音箱系統,具備重低音音箱和光纖輸入的 Z625 音箱系統,LOGITECH 具備重低音音箱和光纖輸入的 Z625 音箱系統,https://www.logitech.com/assets/64696/8/z625-powerful-thx-sound.png
logitech,sound,LOGITECH音響 Z333 音箱系統 (配備重低音音箱),Z333 音箱系統 (配備重低音音箱),LOGITECH Z333 音箱系統 (配備重低音音箱),https://www.logitech.com/assets/64689/13/z333-speaker-system-with-subwoofer.png
logitech,sound,LOGITECH音響 Z213 精簡 2.1 聲道音箱系統,Z213 精簡 2.1 聲道音箱系統,LOGITECH Z213 精簡 2.1 聲道音箱系統,https://www.logitech.com/assets/64817/33/z213-compact-speaker-system.png
logitech,sound,LOGITECH音響 Z313 音箱系統 (配備重低音音箱),Z313 音箱系統 (配備重低音音箱),LOGITECH Z313 音箱系統 (配備重低音音箱),https://www.logitech.com/assets/64875/36/z313-computer-speaker-system.png
logitech,sound,LOGITECH音響 Z150多媒體揚聲器,Z150多媒體揚聲器,LOGITECH Z150多媒體揚聲器,https://www.logitech.com/assets/64908/29/z150-clear-stereo-sound-speakers.png
logitech,sound,LOGITECH音響 Z200多媒體揚聲器,Z200多媒體揚聲器,LOGITECH Z200多媒體揚聲器,https://www.logitech.com/assets/64877/33/z200-stereo-speakers.png
logitech,sound,LOGITECH音響 精巧的立體聲音箱,精巧的立體聲音箱,LOGITECH 精巧的立體聲音箱,https://www.logitech.com/assets/64816/7/z120-stereo-speakers.png
logitech,sound,LOGITECH音響 Z623 音箱系統 (配備重低音音箱),Z623 音箱系統 (配備重低音音箱),LOGITECH Z623 音箱系統 (配備重低音音箱),https://www.logitech.com/assets/64806/8/speaker-system-z623.png
logitech,sound,LOGITECH音響 Z906 5.1 環繞音效音箱系統,Z906 5.1 環繞音效音箱系統,LOGITECH Z906 5.1 環繞音效音箱系統,https://www.logitech.com/assets/35576/6/surround-sound-speakers-z906-glamour-images.png
