sony,sound,SONY SA-Z1 高解析度近場聆聽喇叭系統 Signature Series SA-Z1,SA-Z1,SONY SA-Z1,https://store.sony.com.tw/resource/product_files/SA-Z1/SA-Z1_pi.jpg
sony,sound,SONY 立體聲喇叭 SS-CSE,SS-CSE,SONY SS-CSE,https://store.sony.com.tw/resource/product_files/SS-CSE/SS-CSE_pi.jpg
sony,sound,SONY 重低音喇叭 SA-CS9,SA-CS9,SONY SA-CS9,https://store.sony.com.tw/resource/product_files/SA-CS9/SA-CS9_pi.jpg
sony,sound,SONY 立體聲落地喇叭 SS-CS3,SS-CS3,SONY SS-CS3,https://store.sony.com.tw/resource/product_files/SS-CS3/SS-CS3_pi.jpg
sony,sound,SONY 立體聲書架式喇叭 SS-CS5,SS-CS5,SONY SS-CS5,https://store.sony.com.tw/resource/product_files/SS-CS5/SS-CS5_pi.jpg
sony,sound,SONY 中置喇叭 SS-CS8,SS-CS8,SONY SS-CS8,https://store.sony.com.tw/resource/product_files/SS-CS8/SS-CS8_pi.jpg
sony,sound,SONY 藍牙喇叭 SRS-XB43,SRS-XB43,SONY SRS-XB43,https://store.sony.com.tw/resource/product_files/SRS-XB43/SRS-XB43_pi.jpg
sony,sound,SONY 藍牙喇叭 SRS-XB33,SRS-XB33,SONY SRS-XB33,https://store.sony.com.tw/resource/product_files/SRS-XB33/SRS-XB33_pi.jpg
sony,sound,SONY 藍牙喇叭 SRS-XB23,SRS-XB23,SONY SRS-XB23,https://store.sony.com.tw/resource/product_files/SRS-XB23/SRS-XB23_pi.jpg
sony,sound,SONY 藍牙喇叭 GTK-PG10,GTK-PG10,SONY GTK-PG10,https://store.sony.com.tw/resource/product_files/GTK-PG10/GTK-PG10_pi.jpg
sony,sound,SONY NFC 藍牙喇叭 SRS-XB22,SRS-XB22,SONY SRS-XB22,https://store.sony.com.tw/resource/product_files/SRS-XB22/SRS-XB22_pi.jpg
sony,sound,SONY NFC 藍牙喇叭 SRS-XB32,SRS-XB32,SONY SRS-XB32,https://store.sony.com.tw/resource/product_files/SRS-XB32/SRS-XB32_pi.jpg
sony,sound,SONY 防水藍牙喇叭 SRS-XB12,SRS-XB12,SONY SRS-XB12,https://store.sony.com.tw/resource/product_files/SRS-XB12/SRS-XB12_pi.jpg
sony,sound,SONY 防水藍牙喇叭 SRS-XB01,SRS-XB01,SONY SRS-XB01,https://store.sony.com.tw/resource/product_files/SRS-XB01/SRS-XB01_pi.jpg
sony,sound,SONY NFC 藍牙喇叭 SRS-XB41,SRS-XB41,SONY SRS-XB41,https://store.sony.com.tw/resource/product_files/SRS-XB41/SRS-XB41_pi.jpg
sony,sound,SONY h.ear go 藍牙喇叭 SRS-HG1,SRS-HG1,SONY SRS-HG1,https://store.sony.com.tw/resource/product_files/SRS-HG1/SRS-HG1_pi.jpg
