jbl,sound,JBL STUDIO 665C 家庭音響喇叭系統,JBL STUDIO 665C,JBL STUDIO 665C,https://www.jbl.com.tw/dw/image/v2/AAUJ_PRD/on/demandware.static/-/Sites-masterCatalog_Harman/default/dwd47bc032/JBL_Studio665C_Grill_Front_34.jpg?sw=270&sh=330&sm=fit&sfrm=png
jbl,sound,JBL STUDIO 650P 家庭音響喇叭系統,JBL STUDIO 650P,JBL STUDIO 650P,https://www.jbl.com.tw/dw/image/v2/AAUJ_PRD/on/demandware.static/-/Sites-masterCatalog_Harman/default/dw14f2af63/Studio_650P_Red_Wood _Side_View.jpg?sw=270&sh=330&sm=fit&sfrm=png
jbl,sound,JBL STUDIO 690 家庭音響喇叭系統,JBL STUDIO 690,JBL STUDIO 690,https://www.jbl.com.tw/dw/image/v2/AAUJ_PRD/on/demandware.static/-/Sites-masterCatalog_Harman/default/dw1d2c7cb7/JBL_Studio690_No_Grill_Front34.jpg?sw=270&sh=330&sm=fit&sfrm=png
jbl,sound,JBL STUDIO 610 家庭音響喇叭系統,JBL STUDIO 610,JBL STUDIO 610,https://www.jbl.com.tw/dw/image/v2/AAUJ_PRD/on/demandware.static/-/Sites-masterCatalog_Harman/default/dw88d54fc4/Red_Wood_Front_View.jpg?sw=270&sh=330&sm=fit&sfrm=png
jbl,sound,JBL STUDIO 660P 家庭音響喇叭系統,JBL STUDIO 660P,JBL STUDIO 660P,https://www.jbl.com.tw/dw/image/v2/AAUJ_PRD/on/demandware.static/-/Sites-masterCatalog_Harman/default/dw91bcf7a4/Studio_660P_Red_Wood_Side_View.jpg?sw=270&sh=330&sm=fit&sfrm=png
jbl,sound,JBL STUDIO 625C 家庭音響喇叭系統,JBL STUDIO 625C,JBL STUDIO 625C,https://www.jbl.com.tw/dw/image/v2/AAUJ_PRD/on/demandware.static/-/Sites-masterCatalog_Harman/default/dw38b14e87/Studio_625C_Red_Wood_Side_View_with_Fabric.jpg?sw=270&sh=330&sm=fit&sfrm=png
jbl,sound,JBL STUDIO 680 家庭音響喇叭系統,JBL STUDIO 680,JBL STUDIO 680,https://www.jbl.com.tw/dw/image/v2/AAUJ_PRD/on/demandware.static/-/Sites-masterCatalog_Harman/default/dw21edfcb1/Studio_680_Red_Wood-Side_view_with_fabric.jpg?sw=270&sh=330&sm=fit&sfrm=png
jbl,sound,JBL STUDIO 620 家庭音響喇叭系統,JBL STUDIO 620,JBL STUDIO 620,https://www.jbl.com.tw/dw/image/v2/AAUJ_PRD/on/demandware.static/-/Sites-masterCatalog_Harman/default/dw62d0732f/JBL_Studio620_side.jpg?sw=270&sh=330&sm=fit&sfrm=png
jbl,sound,JBL STUDIO 630 家庭音響喇叭系統,JBL STUDIO 630,JBL STUDIO 630,https://www.jbl.com.tw/dw/image/v2/AAUJ_PRD/on/demandware.static/-/Sites-masterCatalog_Harman/default/dwbb4781aa/JBL_Studio_630_Red_Wood_Side_View.jpg?sw=270&sh=330&sm=fit&sfrm=png
jbl,sound,JBL STUDIO 698 家庭音響喇叭系統,JBL STUDIO 698,JBL STUDIO 698,https://www.jbl.com.tw/dw/image/v2/AAUJ_PRD/on/demandware.static/-/Sites-masterCatalog_Harman/default/dwd34c4c11/JBL_Studio698_Grill_Front34.jpg?sw=270&sh=330&sm=fit&sfrm=png
jbl,sound,JBL PartyBox 100 可攜式藍牙派對喇叭，帶燈光效果,JBL PartyBox 100,JBL PartyBox 100,https://www.jbl.com.tw/dw/image/v2/AAUJ_PRD/on/demandware.static/-/Sites-masterCatalog_Harman/default/dw569021d8/JBL_PartyBox_100_Hero_0057.jpg?sw=270&sh=330&sm=fit&sfrm=png
jbl,sound,JBL Stage A130 家庭音響喇叭系統,JBL Stage A130,JBL Stage A130,https://www.jbl.com.tw/dw/image/v2/AAUJ_PRD/on/demandware.static/-/Sites-masterCatalog_Harman/default/dw7edf639d/JBL_Stage_A130_34_Grill_14780_x1-1605x1605px.jpg?sw=270&sh=330&sm=fit&sfrm=png
jbl,sound,JBL Stage A190 家庭音響喇叭系統,JBL Stage A190,JBL Stage A190,https://www.jbl.com.tw/dw/image/v2/AAUJ_PRD/on/demandware.static/-/Sites-masterCatalog_Harman/default/dw4d91bca9/JBL_Stage_A190_34_Grill_14705_x1-1605x1605px.jpg?sw=270&sh=330&sm=fit&sfrm=png
jbl,sound,JBL Stage A180 家庭音響喇叭系統,JBL Stage A180,JBL Stage A180,https://www.jbl.com.tw/dw/image/v2/AAUJ_PRD/on/demandware.static/-/Sites-masterCatalog_Harman/default/dw73b317c6/JBL_Stage_A180_34_Grill_14733_x1-1605x1605px.jpg?sw=270&sh=330&sm=fit&sfrm=png
jbl,sound,JBL Stage A125C 家庭音響喇叭系統,JBL Stage A125C,JBL Stage A125C,https://www.jbl.com.tw/dw/image/v2/AAUJ_PRD/on/demandware.static/-/Sites-masterCatalog_Harman/default/dw3a342c84/jbl_A125CW_2-1605x1605px.jpg?sw=270&sh=330&sm=fit&sfrm=png
jbl,sound,JBL Stage A135C 家庭音響喇叭系統,JBL Stage A135C,JBL Stage A135C,https://www.jbl.com.tw/dw/image/v2/AAUJ_PRD/on/demandware.static/-/Sites-masterCatalog_Harman/default/dw99030d51/JBL_Stage_A135C_34_Grill_14762_x1-1605x1605px.jpg?sw=270&sh=330&sm=fit&sfrm=png
jbl,sound,JBL Stage A170 家庭音響喇叭系統,JBL Stage A170,JBL Stage A170,https://www.jbl.com.tw/dw/image/v2/AAUJ_PRD/on/demandware.static/-/Sites-masterCatalog_Harman/default/dwd3d0e614/JBL_Stage_A170_34_Grill_14736_x1-1605x1605px.jpg?sw=270&sh=330&sm=fit&sfrm=png
jbl,sound,JBL Stage A120 家庭音響喇叭系統,JBL Stage A120,JBL Stage A120,https://www.jbl.com.tw/dw/image/v2/AAUJ_PRD/on/demandware.static/-/Sites-masterCatalog_Harman/default/dwa1c469f9/JBL_Stage_A120_34_Grill_14801_x1-1605x1605px.jpg?sw=270&sh=330&sm=fit&sfrm=png
jbl,sound,JBL Stage A120P 家庭音響喇叭系統,JBL Stage A120P,JBL Stage A120P,https://www.jbl.com.tw/dw/image/v2/AAUJ_PRD/on/demandware.static/-/Sites-masterCatalog_Harman/default/dw600be0aa/JBL_Stage_A120P_34_Grill_114830_x1-1605x1605px.jpg?sw=270&sh=330&sm=fit&sfrm=png
jbl,sound,JBL Stage A100P 家庭音響喇叭系統,JBL Stage A100P,JBL Stage A100P,https://www.jbl.com.tw/dw/image/v2/AAUJ_PRD/on/demandware.static/-/Sites-masterCatalog_Harman/default/dwe38e3ec6/JBL_Stage_A100P_Hero_Grill-1605x1605px.jpg?sw=270&sh=330&sm=fit&sfrm=png
jbl,sound,JBL PartyBox 200 可攜式藍牙派對喇叭，帶燈光效果,JBL PartyBox 200,JBL PartyBox 200,https://www.jbl.com.tw/dw/image/v2/AAUJ_PRD/on/demandware.static/-/Sites-masterCatalog_Harman/default/dwc8d7820f/JBL_Party_Box_200HERO.jpg?sw=270&sh=330&sm=fit&sfrm=png
jbl,sound,JBL 305P MkII Powered 5 (10.16 cm) Two-Way Studio Monitor,JBL 305P MkII,JBL 305P MkII,https://www.jbl.com.tw/dw/image/v2/AAUJ_PRD/on/demandware.static/-/Sites-masterCatalog_Harman/default/dwdffcb068/JBL_305PMKII_Hero.jpg?sw=270&sh=330&sm=fit&sfrm=png
jbl,sound,JBL Link 500 Voice-activated speaker,JBL Link 500,JBL Link 500,https://www.jbl.com.tw/dw/image/v2/AAUJ_PRD/on/demandware.static/-/Sites-masterCatalog_Harman/default/dwfbb104e7/JBL-LINK-500-Hero-BLK-1605x1605px.jpg?sw=270&sh=330&sm=fit&sfrm=png
jbl,sound,JBL CONTROL XSTREAM WIRELESS STEREO SPEAKERS WITH CHROMECAST BUILT-IN,JBL CONTROL XSTREAM,JBL CONTROL XSTREAM,https://www.jbl.com.tw/dw/image/v2/AAUJ_PRD/on/demandware.static/-/Sites-masterCatalog_Harman/default/dw69013c03/JBL_Control_Xstream_Black_Hero-1605x1605.jpg?sw=270&sh=330&sm=fit&sfrm=png
jbl,sound,JBL LSR310S 10英寸動力錄音室低音炮,JBL LSR310S,JBL LSR310S,https://www.jbl.com.tw/dw/image/v2/AAUJ_PRD/on/demandware.static/-/Sites-masterCatalog_Harman/default/dwe318a2f3/JBL_LSR_310S_1.jpg?sw=270&sh=330&sm=fit&sfrm=png
