heran,oven,禾聯 35L電子式電烤箱 35K3-HEO,35K3-HEO,禾聯 35K3-HEO,https://www.heran.com.tw/wp-content/uploads/2018/08/35K3-HEO2-300x300.jpg
heran,oven,禾聯 16L智能萬用氣炸烤箱 HAO-16CL010,HAO-16CL010,禾聯 HAO-16CL010,https://www.heran.com.tw/wp-content/uploads/HAO-16CL010-300x300.jpg
heran,oven,禾聯 9L機械式電烤箱 HEO-09K1,HEO-09K1,禾聯 HEO-09K1,https://www.heran.com.tw/wp-content/uploads/2017/04/1000-17-300x300.jpg
heran,oven,禾聯 20L機械式電烤箱 HEO-2001SGH,HEO-2001SGH,禾聯 HEO-2001SGH,https://www.heran.com.tw/wp-content/uploads/2017/04/1000-18-300x300.jpg
heran,oven,禾聯 20L機械式電烤箱 HEO-20GL030,HEO-20GL030,禾聯 HEO-20GL030,https://www.heran.com.tw/wp-content/uploads/HEO-20GL03001-300x300.jpg
heran,oven,禾聯 20L機械式電烤箱 HEO-20GL050,HEO-20GL050,禾聯 HEO-20GL050,https://www.heran.com.tw/wp-content/uploads/HEO-20GL03001-300x300.jpg
heran,oven,禾聯 20L機械式電烤箱 HEO-20K1,HEO-20K1,禾聯 HEO-20K1,https://www.heran.com.tw/wp-content/uploads/2018/12/HEO-20K12-300x300.jpg
heran,oven,禾聯 20L機械式電烤箱 HEO-20K3,HEO-20K3,禾聯 HEO-20K3,https://www.heran.com.tw/wp-content/uploads/2018/12/HEO-20K12-300x300.jpg
heran,oven,禾聯 30L機械式電烤箱 HEO-3001SGH,HEO-3001SGH,禾聯 HEO-3001SGH,https://www.heran.com.tw/wp-content/uploads/2017/04/8000-300x300.jpg
heran,oven,禾聯 30L機械式電烤箱 HEO-30K1,HEO-30K1,禾聯 HEO-30K1,https://www.heran.com.tw/wp-content/uploads/2018/12/HEO-30K12-300x300.jpg
heran,oven,禾聯 35L電子式電烤箱 HEO-35K1,HEO-35K1,禾聯 HEO-35K1,https://www.heran.com.tw/wp-content/uploads/2018/08/HEO-35K12-300x300.jpg
