apple,mobile,iPhone 12 Pro Max 128GB,iPhone 12 Pro Max 128GB,iPhone 12 Pro Max 128GB,https://support.apple.com//library/content/dam/edam/applecare/images/en_US/iphone/iphone12promax/iphone12-pro-max-colors.jpg
apple,mobile,iPhone 12 Pro Max 256GB,iPhone 12 Pro Max 256GB,iPhone 12 Pro Max 256GB,https://support.apple.com//library/content/dam/edam/applecare/images/en_US/iphone/iphone12promax/iphone12-pro-max-colors.jpg
apple,mobile,iPhone 12 Pro Max 512 GB,iPhone 12 Pro Max 512 GB,iPhone 12 Pro Max 512 GB,https://support.apple.com//library/content/dam/edam/applecare/images/en_US/iphone/iphone12promax/iphone12-pro-max-colors.jpg
apple,mobile,iPhone 12 Pro 128GB,iPhone 12 Pro 128GB,iPhone 12 Pro 128GB,https://support.apple.com//library/content/dam/edam/applecare/images/en_US/iphone/iphone12pro/iphone12-pro-colors.jpg
apple,mobile,iPhone 12 Pro 256GB,iPhone 12 Pro 256GB,iPhone 12 Pro 256GB,https://support.apple.com//library/content/dam/edam/applecare/images/en_US/iphone/iphone12pro/iphone12-pro-colors.jpg
apple,mobile,iPhone 12 Pro 512 GB,iPhone 12 Pro 512 GB,iPhone 12 Pro 512 GB,https://support.apple.com//library/content/dam/edam/applecare/images/en_US/iphone/iphone12pro/iphone12-pro-colors.jpg
apple,mobile,iPhone 12 64GB,iPhone 12 64GB,iPhone 12 64GB,https://support.apple.com//library/content/dam/edam/applecare/images/en_US/iphone/iphone12/iphone12-colors.jpg
apple,mobile,iPhone 12 128GB,iPhone 12 128GB,iPhone 12 128GB,https://support.apple.com//library/content/dam/edam/applecare/images/en_US/iphone/iphone12/iphone12-colors.jpg
apple,mobile,iPhone 12 256 GB,iPhone 12 256 GB,iPhone 12 256 GB,https://support.apple.com//library/content/dam/edam/applecare/images/en_US/iphone/iphone12/iphone12-colors.jpg
apple,mobile,iPhone 12 mini 64GB,iPhone 12 mini 64GB,iPhone 12 mini 64GB,https://support.apple.com//library/content/dam/edam/applecare/images/en_US/iphone/iphone12mini/iphone12-mini-colors.jpg
apple,mobile,iPhone 12 mini 128GB,iPhone 12 mini 128GB,iPhone 12 mini 128GB,https://support.apple.com//library/content/dam/edam/applecare/images/en_US/iphone/iphone12mini/iphone12-mini-colors.jpg
apple,mobile,iPhone 12 mini 256 GB,iPhone 12 mini 256 GB,iPhone 12 mini 256 GB,https://support.apple.com//library/content/dam/edam/applecare/images/en_US/iphone/iphone12mini/iphone12-mini-colors.jpg
apple,mobile,iPhone SE 64GB,iPhone SE 64GB,iPhone SE 64GB,https://support.apple.com//library/content/dam/edam/applecare/images/en_US/iphone/iphone_se/iphone-se-2nd-gen-colors.jpg
apple,mobile,iPhone SE 128GB,iPhone SE 128GB,iPhone SE 128GB,https://support.apple.com//library/content/dam/edam/applecare/images/en_US/iphone/iphone_se/iphone-se-2nd-gen-colors.jpg
apple,mobile,iPhone SE 256 GB,iPhone SE 256 GB,iPhone SE 256 GB,https://support.apple.com//library/content/dam/edam/applecare/images/en_US/iphone/iphone_se/iphone-se-2nd-gen-colors.jpg
apple,mobile,iPhone 11 Pro 64GB,iPhone 11 Pro 64GB,iPhone 11 Pro 64GB,https://support.apple.com//library/content/dam/edam/applecare/images/en_US/iphone/identify-iphone-11pro.jpg
apple,mobile,iPhone 11 Pro 256GB,iPhone 11 Pro 256GB,iPhone 11 Pro 256GB,https://support.apple.com//library/content/dam/edam/applecare/images/en_US/iphone/identify-iphone-11pro.jpg
apple,mobile,iPhone 11 Pro 512 GB,iPhone 11 Pro 512 GB,iPhone 11 Pro 512 GB,https://support.apple.com//library/content/dam/edam/applecare/images/en_US/iphone/identify-iphone-11pro.jpg
apple,mobile,iPhone 11 Pro Max 64GB,iPhone 11 Pro Max 64GB,iPhone 11 Pro Max 64GB,https://support.apple.com//library/content/dam/edam/applecare/images/en_US/iphone/identify-iphone-11pro-max.jpg
apple,mobile,iPhone 11 Pro Max 256GB,iPhone 11 Pro Max 256GB,iPhone 11 Pro Max 256GB,https://support.apple.com//library/content/dam/edam/applecare/images/en_US/iphone/identify-iphone-11pro-max.jpg
apple,mobile,iPhone 11 Pro Max 512 GB,iPhone 11 Pro Max 512 GB,iPhone 11 Pro Max 512 GB,https://support.apple.com//library/content/dam/edam/applecare/images/en_US/iphone/identify-iphone-11pro-max.jpg
apple,mobile,iPhone 11 64GB,iPhone 11 64GB,iPhone 11 64GB,https://support.apple.com//library/content/dam/edam/applecare/images/en_US/iphone/identify-iphone-11-colors.jpg
apple,mobile,iPhone 11 128GB,iPhone 11 128GB,iPhone 11 128GB,https://support.apple.com//library/content/dam/edam/applecare/images/en_US/iphone/identify-iphone-11-colors.jpg
apple,mobile,iPhone 11 256 GB,iPhone 11 256 GB,iPhone 11 256 GB,https://support.apple.com//library/content/dam/edam/applecare/images/en_US/iphone/identify-iphone-11-colors.jpg
apple,mobile,iPhone XS 64GB,iPhone XS 64GB,iPhone XS 64GB,https://support.apple.com//library/content/dam/edam/applecare/images/en_US/iphone/iphone-xs-colors.jpg
apple,mobile,iPhone XS 256GB,iPhone XS 256GB,iPhone XS 256GB,https://support.apple.com//library/content/dam/edam/applecare/images/en_US/iphone/iphone-xs-colors.jpg
apple,mobile,iPhone XS 512 GB,iPhone XS 512 GB,iPhone XS 512 GB,https://support.apple.com//library/content/dam/edam/applecare/images/en_US/iphone/iphone-xs-colors.jpg
apple,mobile,iPhone XS Max 64GB,iPhone XS Max 64GB,iPhone XS Max 64GB,https://support.apple.com//library/content/dam/edam/applecare/images/en_US/iphone/iphone-xs-max-colors.jpg
apple,mobile,iPhone XS Max 256GB,iPhone XS Max 256GB,iPhone XS Max 256GB,https://support.apple.com//library/content/dam/edam/applecare/images/en_US/iphone/iphone-xs-max-colors.jpg
apple,mobile,iPhone XS Max 512 GB,iPhone XS Max 512 GB,iPhone XS Max 512 GB,https://support.apple.com//library/content/dam/edam/applecare/images/en_US/iphone/iphone-xs-max-colors.jpg
apple,mobile,iPhone XR 64GB,iPhone XR 64GB,iPhone XR 64GB,https://support.apple.com//library/content/dam/edam/applecare/images/en_US/iphone/iphone-xr/identify-iphone-xr-colors.jpg
apple,mobile,iPhone XR 128GB,iPhone XR 128GB,iPhone XR 128GB,https://support.apple.com//library/content/dam/edam/applecare/images/en_US/iphone/iphone-xr/identify-iphone-xr-colors.jpg
apple,mobile,iPhone XR 256 GB,iPhone XR 256 GB,iPhone XR 256 GB,https://support.apple.com//library/content/dam/edam/applecare/images/en_US/iphone/iphone-xr/identify-iphone-xr-colors.jpg
apple,mobile,iPhone X 64GB,iPhone X 64GB,iPhone X 64GB,https://support.apple.com//library/content/dam/edam/applecare/images/en_US/iphone/iphone-x-colors.jpg
apple,mobile,iPhone X 256 GB,iPhone X 256 GB,iPhone X 256 GB,https://support.apple.com//library/content/dam/edam/applecare/images/en_US/iphone/iphone-x-colors.jpg
apple,mobile,iPhone 8 64GB,iPhone 8 64GB,iPhone 8 64GB,https://support.apple.com//library/content/dam/edam/applecare/images/en_US/iphone/iphone8/iphone-8-colors.jpg
apple,mobile,iPhone 8 128GB,iPhone 8 128GB,iPhone 8 128GB,https://support.apple.com//library/content/dam/edam/applecare/images/en_US/iphone/iphone8/iphone-8-colors.jpg
apple,mobile,iPhone 8 256 GB,iPhone 8 256 GB,iPhone 8 256 GB,https://support.apple.com//library/content/dam/edam/applecare/images/en_US/iphone/iphone8/iphone-8-colors.jpg
apple,mobile,iPhone 8 Plus 64GB,iPhone 8 Plus 64GB,iPhone 8 Plus 64GB,https://support.apple.com//library/content/dam/edam/applecare/images/en_US/iphone/iphone8plus/iphone-8plus-colors.jpg
apple,mobile,iPhone 8 Plus 128GB,iPhone 8 Plus 128GB,iPhone 8 Plus 128GB,https://support.apple.com//library/content/dam/edam/applecare/images/en_US/iphone/iphone8plus/iphone-8plus-colors.jpg
apple,mobile,iPhone 8 Plus 256 GB,iPhone 8 Plus 256 GB,iPhone 8 Plus 256 GB,https://support.apple.com//library/content/dam/edam/applecare/images/en_US/iphone/iphone8plus/iphone-8plus-colors.jpg
