samsung,mobile,Galaxy S10+ 128GB,Galaxy S10+ 128GB,Galaxy S10+ 128GB,https://images.samsung.com/is/image/samsung/tw-galaxy-s10-g975-sm-g975fzwdbri-frontprismwhite-thumb-151174745
samsung,mobile,Galaxy S10+ 512GB,Galaxy S10+ 512GB,Galaxy S10+ 512GB,https://images.samsung.com/is/image/samsung/tw-galaxy-s10-g975-sm-g975fzwdbri-frontprismwhite-thumb-151174745
samsung,mobile,Galaxy S10+ 1TB,Galaxy S10+ 1TB,Galaxy S10+ 1TB,https://images.samsung.com/is/image/samsung/tw-galaxy-s10-g975-sm-g975fzwdbri-frontprismwhite-thumb-151174745
samsung,mobile,Galaxy S10 128GB,Galaxy S10 128GB,Galaxy S10 128GB,https://images.samsung.com/is/image/samsung/tw-galaxy-s10-g973-sm-g973fzwdbri-frontprismwhite-thumb-150611144
samsung,mobile,Galaxy Fold 512GB,Galaxy Fold 512GB,Galaxy Fold 512GB,https://images.samsung.com/is/image/samsung/tw/galaxy-fold/gallery/tw-galaxy-fold-sm-f900-sm-f900fzsdbri-frontsilver-thumb-158324406
samsung,mobile,Galaxy Note10+ 256GB,Galaxy Note10+ 256GB,Galaxy Note10+ 256GB,https://images.samsung.com/is/image/samsung/tw-galaxy-note10-plus-n975-sm-n9750zsdbri-frontauraglow-thumb-177617592
samsung,mobile,Galaxy Note10+ 512GB,Galaxy Note10+ 512GB,Galaxy Note10+ 512GB,https://images.samsung.com/is/image/samsung/tw-galaxy-note10-plus-n975-sm-n9750zsdbri-frontauraglow-thumb-177617592
samsung,mobile,Galaxy Note10 256GB,Galaxy Note10 256GB,Galaxy Note10 256GB,https://images.samsung.com/is/image/samsung/tw-galaxy-note10-n970-sm-n9700zsdbri-frontauraglow-thumb-177617416
samsung,mobile,Galaxy A51 128GB,Galaxy A51 128GB,Galaxy A51 128GB,https://images.samsung.com/is/image/samsung/tw-galaxy-a51-a515-sm-a515fzbgbri-front-thumb-200354534
samsung,mobile,Galaxy Note10 Lite 128GB,Galaxy Note10 Lite 128GB,Galaxy Note10 Lite 128GB,https://images.samsung.com/is/image/samsung/tw-galaxy-note10-lite-n770-sm-n770fzrgbri-frontaurared-thumb-203967627
samsung,mobile,Galaxy A71 128GB,Galaxy A71 128GB,Galaxy A71 128GB,https://images.samsung.com/is/image/samsung/tw-galaxy-a71-a715-sm-a715fzigbri-front-thumb-204542648
samsung,mobile,Galaxy S20 Ultra 5G 256GB,Galaxy S20 Ultra 5G 256GB,Galaxy S20 Ultra 5G 256GB,https://images.samsung.com/is/image/samsung/tw-galaxy-s20-ultra-g988-sm-g9880zahbri-backcosmicgray-thumb-212528126
samsung,mobile,Galaxy S20 Ultra 5G 512GB,Galaxy S20 Ultra 5G 512GB,Galaxy S20 Ultra 5G 512GB,https://images.samsung.com/is/image/samsung/tw-galaxy-s20-ultra-g988-sm-g9880zahbri-backcosmicgray-thumb-212528126
samsung,mobile,Galaxy S20+ 5G 128GB,Galaxy S20+ 5G 128GB,Galaxy S20+ 5G 128GB,https://images.samsung.com/is/image/samsung/tw-galaxy-s20-plus-5g-g986-sm-g9860zadbri-thumb-Cosmic-Gray-212543910
samsung,mobile,Galaxy S20 5G 128GB,Galaxy S20 5G 128GB,Galaxy S20 5G 128GB,https://images.samsung.com/is/image/samsung/tw-galaxy-s20-5g-g981-sm-g9810zadbri-frontcosmicgray-thumb-212528308
samsung,mobile,Galaxy Z Flip 256GB,Galaxy Z Flip 256GB,Galaxy Z Flip 256GB,https://images.samsung.com/is/image/samsung/tw/galaxy-s20/gallery/tw-galaxy-z-flip-f700-sm-f700fzpdbri-frontmirrorpurple-thumb-207943260
samsung,mobile,Galaxy M11 32GB,Galaxy M11 32GB,Galaxy M11 32GB,https://images.samsung.com/is/image/samsung/tw-galaxy-m11-m115-sm-m115fmbnbri-frontblue-thumb-231475505
samsung,mobile,Galaxy A31 128GB,Galaxy A31 128GB,Galaxy A31 128GB,https://images.samsung.com/is/image/samsung/tw-galaxy-a31-a315-sm-a315gzbwbri-frontblue-thumb-231500545
samsung,mobile,Galaxy A21s 64GB,Galaxy A21s 64GB,Galaxy A21s 64GB,https://images.samsung.com/is/image/samsung/tw-galaxy-a21s-a217-sm-a217fzwhbri-front-thumb-248526138
samsung,mobile,Galaxy A71 5G 128GB,Galaxy A71 5G 128GB,Galaxy A71 5G 128GB,https://images.samsung.com/is/image/samsung/tw-galaxy-a71-5g-a716-sm-a716bzbubri-frontblue-thumb-267864789
samsung,mobile,Galaxy A51 5G 128GB,Galaxy A51 5G 128GB,Galaxy A51 5G 128GB,https://images.samsung.com/is/image/samsung/tw-galaxy-a51-5g-a516-sm-a516bzidbri-frontpink-thumb-268285354
samsung,mobile,Galaxy Note20 5G 256GB,Galaxy Note20 5G 256GB,Galaxy Note20 5G 256GB,https://images.samsung.com/is/image/samsung/tw-galaxy-note20-5g-n981-sm-n9810zggbri-frontmysticgreen-thumb-282764508
samsung,mobile,Galaxy Note20 Ultra 5G 256GB,Galaxy Note20 Ultra 5G 256GB,Galaxy Note20 Ultra 5G 256GB,https://images.samsung.com/is/image/samsung/tw-galaxy-note20-ultra-5g-n986-sm-n9860zngbri-frontmysticbronze-thumb-282794665
samsung,mobile,Galaxy Note20 Ultra 5G 512GB,Galaxy Note20 Ultra 5G 512GB,Galaxy Note20 Ultra 5G 512GB,https://images.samsung.com/is/image/samsung/tw-galaxy-note20-ultra-5g-n986-sm-n9860zngbri-frontmysticbronze-thumb-282794665
samsung,mobile,Galaxy Z Fold2 5G 512GB,Galaxy Z Fold2 5G 512GB,Galaxy Z Fold2 5G 512GB,https://images.samsung.com/is/image/samsung/tw-galaxy-z-fold2-f916-sm-f9160znebri-frontmysticbronze-thumb-296379780
samsung,mobile,Galaxy Z Flip 5G 256GB,Galaxy Z Flip 5G 256GB,Galaxy Z Flip 5G 256GB,https://images.samsung.com/is/image/samsung/tw-galaxy-z-flip-5g-f707-sm-f7070znbbri-thumb-Thumbnail-275359643
samsung,mobile,Galaxy Z Fold2 Thom Browne Edition 512GB,Galaxy Z Fold2 Thom Browne Edition 512GB,Galaxy Z Fold2 Thom Browne Edition 512GB,https://images.samsung.com/is/image/samsung/tw-galaxy-z-fold2-f916-thom-browne-edition-sm-f9160zazbri-grey-thumb-299065960
samsung,mobile,Galaxy S20 FE 5G 128GB,Galaxy S20 FE 5G 128GB,Galaxy S20 FE 5G 128GB,https://images.samsung.com/is/image/samsung/tw-galaxy-s20-fe-5g-g781-sm-g781bzgdbri-frontcloudmint-thumb-300609135
