vivo,mobile,X50 Pro 256GB,X50 Pro 256GB,X50 Pro 256GB,https://asia-exstatic-vivofs.vivo.com/PSee2l50xoirPK7y/1597827669704/ccb03f3eb40a0457ebe47b2f3f9bb03d.png
vivo,mobile,X50e 128GGB,X50e 128GGB,X50e 128GGB,https://asia-exstatic-vivofs.vivo.com/PSee2l50xoirPK7y/1602124777844/74256f5e5b3439b311f46d4f8a7f9b26.png
vivo,mobile,X50 128GB,X50 128GB,X50 128GB,https://asia-exstatic-vivofs.vivo.com/PSee2l50xoirPK7y/1597827877763/ab99464c2433f787551aa9779e83dee7.png
vivo,mobile,Y20 64GB,Y20 64GB,Y20 64GB,https://asia-exstatic-vivofs.vivo.com/PSee2l50xoirPK7y/1600939722792/6fa5f32b343a150e957d7d43abc7d272.png
vivo,mobile,Y20s 128GB,Y20s 128GB,Y20s 128GB,https://asia-exstatic-vivofs.vivo.com/PSee2l50xoirPK7y/1600940343498/6936d46f0a215bbdd883299d54a8211b.png
vivo,mobile,Y50 128GB,Y50 128GB,Y50 128GB,https://asia-exstatic-vivofs.vivo.com/PSee2l50xoirPK7y/1590045443999/2d08bb3708291667bbfc1c572e60d3cf.png
vivo,mobile,V17 128GB,V17 128GB,V17 128GB,https://asia-exstatic-vivofs.vivo.com/PSee2l50xoirPK7y/1597050278223/630add644e29f31fd67098dfd866aeab.png
vivo,mobile,Y15 2020 128GB,Y15 2020 128GB,Y15 2020 128GB,https://asia-exstatic-vivofs.vivo.com/PSee2l50xoirPK7y/1590045230018/f4c7df9c2095ae9aee9d5d18d61ea6bd.jpg
vivo,mobile,NEX 3 256GB,NEX 3 256GB,NEX 3 256GB,https://asia-exstatic-vivofs.vivo.com/PSee2l50xoirPK7y/1571713264781/038a78841a9f8155d18a4fb39c09585f.png
vivo,mobile,Y19 128GB,Y19 128GB,Y19 128GB,https://asia-exstatic-vivofs.vivo.com/PSee2l50xoirPK7y/1574911864048/7b592a631827e252d415be0c8c73738c.png
vivo,mobile,Y12 64GB,Y12 64GB,Y12 64GB,https://asia-exstatic-vivofs.vivo.com/PSee2l50xoirPK7y/1573546535168/24d3ac06c3af61ec82e02fcabc2239d3.png
vivo,mobile,V17 Pro 128GB,V17 Pro 128GB,V17 Pro 128GB,https://asia-exstatic-vivofs.vivo.com/PSee2l50xoirPK7y/1572343206887/6c81eea3aaccbc3c9e58906d6c136ae9.png
vivo,mobile,S1 128GB,S1 128GB,S1 128GB,https://asia-exstatic-vivofs.vivo.com/PSee2l50xoirPK7y/1563976330492/697d38a4dbf7733c2961563f0cb7f6fe.jpg
vivo,mobile,Y17 128GB,Y17 128GB,Y17 128GB,https://asia-exstatic-vivofs.vivo.com/PSee2l50xoirPK7y/1561012487394/869b921a4c4b35ef6339b6ea95c48747.png
vivo,mobile,V15Pro 128GB,V15Pro 128GB,V15Pro 128GB,https://asia-exstatic-vivofs.vivo.com/PSee2l50xoirPK7y/1555039582130/6d521d0f0d2ff16e1c1e637f14489655.png
vivo,mobile,V15 128GB,V15 128GB,V15 128GB,https://asia-exstatic-vivofs.vivo.com/PSee2l50xoirPK7y/1555039556756/d7814968b43b6f9722998f4c7c189271.png
vivo,mobile,NEX雙螢幕 128GB,NEX雙螢幕 128GB,NEX雙螢幕 128GB,https://asia-exstatic-vivofs.vivo.com/PSee2l50xoirPK7y/1544841490456/a7bf0c63980b9fba51c429d20f8e7528.png
vivo,mobile,V11 128GB,V11 128GB,V11 128GB,https://asia-exstatic-vivofs.vivo.com/PSee2l50xoirPK7y/1543474995463/2edd2f17b1e6d33c032772ea7fe723df.png
vivo,mobile,V11i 128GB,V11i 128GB,V11i 128GB,https://asia-exstatic-vivofs.vivo.com/PSee2l50xoirPK7y/1543407775115/c9671bf469fe5fe94d730315c46e461c.png
vivo,mobile,Y91 64GB,Y91 64GB,Y91 64GB,https://asia-exstatic-vivofs.vivo.com/PSee2l50xoirPK7y/1552010438312/ee62c8f9689dbfb787d074049355c7fc.jpg
vivo,mobile,Y95 64GB,Y95 64GB,Y95 64GB,https://asia-exstatic-vivofs.vivo.com/PSee2l50xoirPK7y/1545373167075/05792b1bda3bb4fc9f14747b98b98532.png
vivo,mobile,Y81 32GB,Y81 32GB,Y81 32GB,https://asia-exstatic-vivofs.vivo.com/PSee2l50xoirPK7y/1543474003599/07acdca0c53743c8de33f3bec19aacee.png
vivo,mobile,V9 64GB,V9 64GB,V9 64GB,https://asia-exstatic-vivofs.vivo.com/PSee2l50xoirPK7y/1543408471625/65b0822c6449431aeee27ec4ff071c62.png
vivo,mobile,V7+ 64GB,V7+ 64GB,V7+ 64GB,https://asia-exstatic-vivofs.vivo.com/PSee2l50xoirPK7y/1543461065789/8427fc9fd1c8990e541e1dd452e7ecaa.png
vivo,mobile,X21 128GB,X21 128GB,X21 128GB,https://asia-exstatic-vivofs.vivo.com/PSee2l50xoirPK7y/1543474205936/d67a4c1ea9ec765363747fa7feb73d9c.png
vivo,mobile,NEX 128GB,NEX 128GB,NEX 128GB,https://asia-exstatic-vivofs.vivo.com/PSee2l50xoirPK7y/1543473881797/a2e02bbf14f5636211b9385f38ea6bcd.png
vivo,mobile,V7 32GB,V7 32GB,V7 32GB,https://asia-exstatic-vivofs.vivo.com/PSee2l50xoirPK7y/1543463234939/b7216328485bcc2af7b380da01b67c41.png
vivo,mobile,V9 Youth 32GB,V9 Youth 32GB,V9 Youth 32GB,https://asia-exstatic-vivofs.vivo.com/PSee2l50xoirPK7y/1543410873709/5f8f784dfd3c59ca6ce91fe9fda47ebd.png
