panasonic,refrigerator,PANASONIC冰箱 NR-F656WX 無邊框鏡面系列 有效容積650L,NR-F656WX,PANASONIC NR-F656WX,https://www.panasonic.com/content/dam/pim/tw/zh/NR/NR-F65/NR-F656WX/NR-F656WX_SeeAll.png?resize=272%3A204
panasonic,refrigerator,PANASONIC冰箱 NR-F606HX 無邊框鏡面/玻璃系列 有效容積600L,NR-F606HX,PANASONIC NR-F606HX,https://www.panasonic.com/content/dam/pim/tw/zh/NR/NR-F60/NR-F606HX/NR-F606HX_SeeAll.png?resize=272%3A204
panasonic,refrigerator,PANASONIC冰箱 NR-F556HX 無邊框玻璃系列 有效容積550L,NR-F556HX,PANASONIC NR-F556HX,https://www.panasonic.com/content/dam/pim/tw/zh/NR/NR-F55/NR-F556HX/NR-F556HX_SeeAll.png?resize=272%3A204
panasonic,refrigerator,PANASONIC冰箱 NR-F506HX 無邊框玻璃系列 有效容積500L,NR-F506HX,PANASONIC NR-F506HX,https://www.panasonic.com/content/dam/pim/tw/zh/NR/NR-F50/NR-F506HX/NR-F506HX_SeeAll.png?resize=272%3A204
panasonic,refrigerator,PANASONIC冰箱 NR-F655WX 無邊框鏡面系列 有效容積650L,NR-F655WX,PANASONIC NR-F655WX,https://www.panasonic.com/content/dam/pim/tw/zh/NR/NR-F65/NR-F655WX/NR-F655WX_SeeAll.png?resize=272%3A204
panasonic,refrigerator,PANASONIC冰箱 NR-F605HX 無邊框鏡面/玻璃系列 有效容積600L,NR-F605HX,PANASONIC NR-F605HX,https://www.panasonic.com/content/dam/pim/tw/zh/NR/NR-F60/NR-F605HX/NR-F605HX_SeeAll.png?resize=272%3A204
panasonic,refrigerator,PANASONIC冰箱 NR-F555HX 無邊框玻璃系列 有效容積550L,NR-F555HX,PANASONIC NR-F555HX,https://www.panasonic.com/content/dam/pim/tw/zh/NR/NR-F55/NR-F555HX/NR-F555HX_SeeAll.png?resize=272%3A204
panasonic,refrigerator,PANASONIC冰箱 NR-F505HX 無邊框玻璃系列 有效容積500L,NR-F505HX,PANASONIC NR-F505HX,https://www.panasonic.com/content/dam/pim/tw/zh/NR/NR-F50/NR-F505HX/NR-F505HX_SeeAll.png?resize=272%3A204
panasonic,refrigerator,PANASONIC冰箱 NR-F607VT 鋼板系列 有效容積601L,NR-F607VT,PANASONIC NR-F607VT,https://www.panasonic.com/content/dam/pim/tw/zh/NR/NR-F60/NR-F607VT/NR-F607VT_SeeAll.png?resize=272%3A204
panasonic,refrigerator,PANASONIC冰箱 NR-F507VT 鋼板系列 有效容積501L,NR-F507VT,PANASONIC NR-F507VT,https://www.panasonic.com/content/dam/pim/tw/zh/NR/NR-F50/NR-F507VT/NR-F507VT_SeeAll.png?resize=272%3A204
panasonic,refrigerator,PANASONIC冰箱 NR-F604VT 鋼板系列 有效容積601L,NR-F604VT,PANASONIC NR-F604VT,https://www.panasonic.com/content/dam/Panasonic/tw/zh/HA/refrigerator/2018/NR/NR-F604VT_SeeAll_190429.png?resize=272%3A204
panasonic,refrigerator,PANASONIC冰箱 NR-F504VT 鋼板系列 有效容積501L,NR-F504VT,PANASONIC NR-F504VT,https://www.panasonic.com/content/dam/pim/tw/zh/NR/NR-F50/NR-F504VT/NR-F504VT_SeeAll_190426.png?resize=272%3A204
panasonic,refrigerator,PANASONIC冰箱 NR-E414VT 鋼板系列 有效容積411L,NR-E414VT,PANASONIC NR-E414VT,https://www.panasonic.com/content/dam/pim/tw/zh/NR/NR-E41/NR-E414VT/NR-E414VT_SeeAll_190426.png?resize=272%3A204
panasonic,refrigerator,PANASONIC冰箱 NR-D611XGS 無邊框玻璃系列 有效容積610L,NR-D611XGS,PANASONIC NR-D611XGS,https://www.panasonic.com/content/dam/pim/tw/zh/NR/NR-D61/NR-D611XGS/NR-D611XGS_SeeAll.png?resize=272%3A204
panasonic,refrigerator,PANASONIC冰箱 NR-D501XGS 無邊框玻璃系列 有效容積500L,NR-D501XGS,PANASONIC NR-D501XGS,https://www.panasonic.com/content/dam/pim/tw/zh/NR/NR-D50/NR-D501XGS/NR-D501XGS_SeeAll.png?resize=272%3A204
panasonic,refrigerator,PANASONIC冰箱 NR-D610WGS 無邊框玻璃系列 有效容積610L,NR-D610WGS,PANASONIC NR-D610WGS,https://www.panasonic.com/content/dam/pim/tw/zh/NR/NR-D61/NR-D610NHGS/NR-D610WGS_SeeAll.png?resize=272%3A204
panasonic,refrigerator,PANASONIC冰箱 NR-D610NHGS 無邊框玻璃系列 有效容積610L,NR-D610NHGS,PANASONIC NR-D610NHGS,https://www.panasonic.com/content/dam/pim/tw/zh/NR/NR-D61/NR-D610NHGS/NR-D610NHGS_SeeAll_20181225.png?resize=272%3A204
panasonic,refrigerator,PANASONIC冰箱 NR-D500NHGS 無邊框玻璃系列 有效容積500L,NR-D500NHGS,PANASONIC NR-D500NHGS,https://www.panasonic.com/content/dam/pim/tw/zh/NR/NR-D50/NR-D500NHGS/NR-D500NHGS_SeeAll_20181225.png?resize=272%3A204
panasonic,refrigerator,PANASONIC冰箱 NR-D611XV 無邊框鋼板系列 有效容積610L,NR-D611XV,PANASONIC NR-D611XV,https://www.panasonic.com/content/dam/pim/tw/zh/NR/NR-D61/NR-D611XV/NR-D611XV_SeeAll_20200914.png?resize=272%3A204
panasonic,refrigerator,PANASONIC冰箱 NR-D501XV 無邊框鋼板系列 有效容積500L,NR-D501XV,PANASONIC NR-D501XV,https://www.panasonic.com/content/dam/pim/tw/zh/NR/NR-D50/NR-D501XV/NR-D501XV_SeeAll_20200914.png?resize=272%3A204
panasonic,refrigerator,PANASONIC冰箱 NR-D610HV 無邊框鋼板系列 有效容積610L,NR-D610HV,PANASONIC NR-D610HV,https://www.panasonic.com/content/dam/pim/tw/zh/NR/NR-D61/NR-D610HV/NR-D610HV_SeeAll_20181225.png?resize=272%3A204
panasonic,refrigerator,PANASONIC冰箱 NR-D500HV 無邊框鋼板系列 有效容積500L,NR-D500HV,PANASONIC NR-D500HV,https://www.panasonic.com/content/dam/pim/tw/zh/NR/NR-D50/NR-D500HV/NR-D500HV_SeeAll_20181224.png?resize=272%3A204
panasonic,refrigerator,PANASONIC冰箱 NR-C610NHGS 無邊框玻璃系列 有效容積610L,NR-C610NHGS,PANASONIC NR-C610NHGS,https://www.panasonic.com/content/dam/pim/tw/zh/NR/NR-C61/NR-C610NHGS/NR-C610NHGS_SeeAll_20181225.png?resize=272%3A204
panasonic,refrigerator,PANASONIC冰箱 NR-C611XGS 無邊框玻璃系列 有效容積610L,NR-C611XGS,PANASONIC NR-C611XGS,https://www.panasonic.com/content/dam/pim/tw/zh/NR/NR-C61/NR-C611XGS/NR-C611XGS_SeeAll.png?resize=272%3A204
panasonic,refrigerator,PANASONIC冰箱 NR-C501XGS 無邊框玻璃系列 有效容積500L,NR-C501XGS,PANASONIC NR-C501XGS,https://www.panasonic.com/content/dam/pim/tw/zh/NR/NR-C50/NR-C501XGS/NR-C501XGS_SeeAll.png?resize=272%3A204
panasonic,refrigerator,PANASONIC冰箱 NR-C500NHGS 無邊框玻璃系列 有效容積500L,NR-C500NHGS,PANASONIC NR-C500NHGS,https://www.panasonic.com/content/dam/pim/tw/zh/NR/NR-C50/NR-C500NHGS/NR-C500NHGS_SeeAll_20181225.png?resize=272%3A204
panasonic,refrigerator,PANASONIC冰箱 NR-C611XV 無邊框鋼板系列 有效容積610L ,NR-C611XV,PANASONIC NR-C611XV,https://www.panasonic.com/content/dam/pim/tw/zh/NR/NR-C61/NR-C611XV/NR-C611XV_SeeAll_20200914.png?resize=272%3A204
panasonic,refrigerator,PANASONIC冰箱 NR-C501XV 無邊框鋼板系列 有效容積500L,NR-C501XV,PANASONIC NR-C501XV,https://www.panasonic.com/content/dam/pim/tw/zh/NR/NR-C50/NR-C501XV/NR-C501XV_SeeAll_20200914.png?resize=272%3A204
panasonic,refrigerator,PANASONIC冰箱 NR-C610HV 無邊框鋼板系列 有效容積610L,NR-C610HV,PANASONIC NR-C610HV,https://www.panasonic.com/content/dam/pim/tw/zh/NR/NR-C61/NR-C610HV/NR-C610HV_SeeAll_20181225.png?resize=272%3A204
panasonic,refrigerator,PANASONIC冰箱 NR-C500HV 無邊框鋼板系列 有效容積500L,NR-C500HV,PANASONIC NR-C500HV,https://www.panasonic.com/content/dam/pim/tw/zh/NR/NR-C50/NR-C500HV/NR-C500HV_SeeAll_20181225.png?resize=272%3A204
panasonic,refrigerator,PANASONIC冰箱 NR-C489TV 無邊框鋼板系列 有效容積481L,NR-C489TV,PANASONIC NR-C489TV,https://www.panasonic.com/content/dam/pim/tw/zh/NR/NR-C48/NR-C489TV/C489TV_SeeAll_20181226.png?resize=272%3A204
panasonic,refrigerator,PANASONIC冰箱 NR-C479HV 鋼板系列 有效容積468L,NR-C479HV,PANASONIC NR-C479HV,https://www.panasonic.com/content/dam/pim/tw/zh/NR/NR-C47/NR-C479HV/C479HV_SeeAll_20181226.png?resize=272%3A204
panasonic,refrigerator,PANASONIC冰箱 NR-C389HV 鋼板系列 有效容積385L,NR-C389HV,PANASONIC NR-C389HV,https://www.panasonic.com/content/dam/pim/tw/zh/NR/NR-C38/NR-C389HV/C389HV_SeeAll_20181226.png?resize=272%3A204
panasonic,refrigerator,PANASONIC冰箱 NR-B480TV 鋼板系列 有效容積485L,NR-B480TV,PANASONIC NR-B480TV,https://www.panasonic.com/content/dam/pim/tw/zh/NR/NR-B48/NR-B480TV/NR-B480TV_SeeAll.png?resize=272%3A204
panasonic,refrigerator,PANASONIC冰箱 NR-B420TV 鋼板系列 有效容積422L,NR-B420TV,PANASONIC NR-B420TV,https://www.panasonic.com/content/dam/pim/tw/zh/NR/NR-B42/NR-B420TV/NR-B420TV_SeeAll.png?resize=272%3A204
panasonic,refrigerator,PANASONIC冰箱 NR-B370TV 鋼板系列 有效容積366L,NR-B370TV,PANASONIC NR-B370TV,https://www.panasonic.com/content/dam/pim/tw/zh/NR/NR-B37/NR-B370TV/NR-B370TV_SeeAll.png?resize=272%3A204
panasonic,refrigerator,PANASONIC冰箱 NR-B270TV 鋼板系列 有效容積268L,NR-B270TV,PANASONIC NR-B270TV,https://www.panasonic.com/content/dam/pim/tw/zh/NR/NR-B27/NR-B270TV/NR-B270TV_SeeAll.png?resize=272%3A204
panasonic,refrigerator,PANASONIC冰箱 NR-B170TV 鋼板系列 有效容積167L,NR-B170TV,PANASONIC NR-B170TV,https://www.panasonic.com/content/dam/pim/tw/zh/NR/NR-B17/NR-B170TV/NR-B170TV_SeeAll.png?resize=272%3A204
panasonic,refrigerator,PANASONIC冰箱 NR-B659TG 無邊框玻璃系列 有效容積650L,NR-B659TG,PANASONIC NR-B659TG,https://www.panasonic.com/content/dam/pim/tw/zh/NR/NR-B65/NR-B659TG/B659TG_SeeAll_20181226_2.png?resize=272%3A204
panasonic,refrigerator,PANASONIC冰箱 NR-B589TG 無邊框玻璃系列 有效容積579L,NR-B589TG,PANASONIC NR-B589TG,https://www.panasonic.com/content/dam/pim/tw/zh/NR/NR-B58/NR-B589TG/B589TG_SeeAll_20181226.png?resize=272%3A204
panasonic,refrigerator,PANASONIC冰箱 NR-B489TG 無邊框玻璃系列 有效容積485L,NR-B489TG,PANASONIC NR-B489TG,https://www.panasonic.com/content/dam/pim/tw/zh/NR/NR-B48/NR-B489TG/NR-B489TG_SeeAll_20181226.png?resize=272%3A204
panasonic,refrigerator,PANASONIC冰箱 NR-B429TG 無邊框玻璃系列 有效容積422L,NR-B429TG,PANASONIC NR-B429TG,https://www.panasonic.com/content/dam/pim/tw/zh/NR/NR-B42/NR-B429TG/NR-B429TG_SeeAll_20181226.png?resize=272%3A204
panasonic,refrigerator,PANASONIC冰箱 NR-B659TV 無邊框鋼板系列 有效容積650L,NR-B659TV,PANASONIC NR-B659TV,https://www.panasonic.com/content/dam/pim/tw/zh/NR/NR-B65/NR-B659TV/B659TV_SeeAll_20181226.png?resize=272%3A204
panasonic,refrigerator,PANASONIC冰箱 NR-B589TV 無邊框鋼板系列 有效容積579L,NR-B589TV,PANASONIC NR-B589TV,https://www.panasonic.com/content/dam/pim/tw/zh/NR/NR-B58/NR-B589TV/NR-B589TV_SeeAll.png?resize=272%3A204
panasonic,refrigerator,PANASONIC冰箱 NR-B489GV 鋼板系列 有效容積485L,NR-B489GV,PANASONIC NR-B489GV,https://www.panasonic.com/content/dam/pim/tw/zh/NR/NR-B48/NR-B489GV/B489GV_SeeAll_20181226.png?resize=272%3A204
panasonic,refrigerator,PANASONIC冰箱 NR-B429GV 鋼板系列 有效容積422L,NR-B429GV,PANASONIC NR-B429GV,https://www.panasonic.com/content/dam/pim/tw/zh/NR/NR-B42/NR-B429GV/B429GV_SeeAll_20181226.png?resize=272%3A204
panasonic,refrigerator,PANASONIC冰箱 NR-B139TV AG鋼板系列 有效容積130L,NR-B139TV,PANASONIC NR-B139TV,https://www.panasonic.com/content/dam/pim/tw/zh/NR/NR-B13/NR-B139TV/NR-B139TV_Spec.png?resize=272%3A204
panasonic,refrigerator,PANASONIC冰箱 NR-B139T MIDDLE系列 有效容積130L,NR-B139T,PANASONIC NR-B139T,https://www.panasonic.com/content/dam/pim/tw/zh/NR/NR-B13/NR-B139T/NR-B139T-R_Seeall.png?resize=272%3A204
panasonic,refrigerator,PANASONIC冰箱 NR-FZ250A-S 直立式冷凍櫃 有效容積242L,NR-FZ250A-S,PANASONIC NR-FZ250A-S,https://www.panasonic.com/content/dam/Panasonic/tw/zh/HA/refrigerator/2018/FZ250A-S/FZ250A-S_SeeAll.png?resize=272%3A204
panasonic,refrigerator,PANASONIC冰箱 NR-FZ170A-S 直立式冷凍櫃 有效容積170L,NR-FZ170A-S,PANASONIC NR-FZ170A-S,https://www.panasonic.com/content/dam/Panasonic/tw/zh/HA/refrigerator/2018/FZ170A-S/FZ170A-S_SeeAll.png?resize=272%3A204
panasonic,refrigerator,PANASONIC冰箱 NR-FC100-W 臥式冷凍櫃 有效容積100L,NR-FC100-W,PANASONIC NR-FC100-W,https://www.panasonic.com/content/dam/pim/tw/zh/NR/NR-FC1/NR-FC100-W/seeall_NR-FC100-W_4.png?resize=272%3A204
panasonic,refrigerator,PANASONIC冰箱 NR-FC208-W 臥式冷凍櫃 有效容積204L,NR-FC208-W,PANASONIC NR-FC208-W,https://www.panasonic.com/content/dam/pim/tw/zh/NR/NR-FC2/NR-FC208-W/NR-FC208-W_seeall.png?resize=272%3A204
panasonic,refrigerator,PANASONIC冰箱 NR-FZ188-S 直立式冷凍櫃 有效容積175L,NR-FZ188-S,PANASONIC NR-FZ188-S,https://www.panasonic.com/content/dam/pim/tw/zh/NR/NR-FZ1/NR-FZ188-S/NR-FZ188-S_seeall.png?resize=272%3A204
