samlux,refrigerator,三洋 采晶玻璃變頻電冰箱 560L,SR-C560DVG,三洋 SR-C560DVG,http://sanlux.com.tw/s1504/files_prod/PicB/SR-C560DVG.jpg
samlux,refrigerator,三洋 直流變頻冰箱 580L,SR-C580CVG,三洋 SR-C580CVG,http://sanlux.com.tw/s1504/files_prod/PicB/SR-C580CVG.jpg
samlux,refrigerator,三洋 采晶玻璃變頻電冰箱 528L,SR-C528CVG,三洋 SR-C528CVG,http://sanlux.com.tw/s1504/files_prod/PicB/SR-C528CVG.jpg
samlux,refrigerator,三洋 四門下冷凍雙抽屜變頻電冰箱 312L,SR-C312DVGF,三洋 SR-C312DVGF,http://sanlux.com.tw/s1504/files_prod/PicB/SR-C312DVGF.jpg
samlux,refrigerator,三洋 直流變頻冰箱 533L,SR-C533BVG,三洋 SR-C533BVG,http://sanlux.com.tw/s1504/files_prod/PicB/SR-C533BVG.jpg
samlux,refrigerator,三洋 直流變頻冰箱 475L,SR-C475CVGA,三洋 SR-C475CVGA,http://sanlux.com.tw/s1504/files_prod/PicB/SR-C475CVGA.jpg
samlux,refrigerator,三洋 直流變頻電冰箱 480L,SR-C480BVG,三洋 SR-C480BVG,http://sanlux.com.tw/s1504/files_prod/PicB/SR-C480BVG.jpg
samlux,refrigerator,三洋 直流變頻冰箱 ,SR-C533BV1A,三洋 SR-C533BV1A,http://sanlux.com.tw/s1504/files_prod/PicB/SR-C533BV1A.jpg
samlux,refrigerator,三洋 直流變頻冰箱 ,SR-C528CV1A,三洋 SR-C528CV1A,http://sanlux.com.tw/s1504/files_prod/PicB/SR-C528CV1A.jpg
samlux,refrigerator,三洋 直流變頻電冰箱 480L,SR-C480BV1A,三洋 SR-C480BV1A,http://sanlux.com.tw/s1504/files_prod/PicB/SR-C480BV1A.jpg
samlux,refrigerator,三洋 大蔬果室變頻電冰箱 321L,SR-C321BV1B,三洋 SR-C321BV1B,http://sanlux.com.tw/s1504/files_prod/PicB/SR-C321BV1B.jpg
samlux,refrigerator,三洋 四門鏡面鋼板變頻冰箱 560L,SR-C560DV1,三洋 SR-C560DV1,http://sanlux.com.tw/s1504/files_prod/PicB/SR-C560DV1.jpg
samlux,refrigerator,三洋 直流變頻冰箱 475L,SR-C475CV1A,三洋 SR-C475CV1A,http://sanlux.com.tw/s1504/files_prod/PicB/SR-C475CV1A.jpg
samlux,refrigerator,三洋 直流變頻電冰箱 580L,SR-C580CV1A,三洋 SR-C580CV1A,http://sanlux.com.tw/s1504/files_prod/PicB/SR-C580CV1A.jpg
samlux,refrigerator,三洋 大蔬果室變頻冰箱 ,SR-C480BV1B,三洋 SR-C480BV1B,http://sanlux.com.tw/s1504/files_prod/PicB/SR-C480BV1B.jpg
samlux,refrigerator,三洋 四門下冷凍變頻冰箱 551L,SR-C551DVF,三洋 SR-C551DVF,http://sanlux.com.tw/s1504/files_prod/PicB/SR-C551DVF.jpg
samlux,refrigerator,三洋 大蔬果室變頻一級電冰箱 580L,SR-C580BV1B,三洋 SR-C580BV1B,http://sanlux.com.tw/s1504/files_prod/PicB/SR-C580BV1B.jpg
samlux,refrigerator,三洋 大蔬果室變頻一級電冰箱 380L,SR-C380BV1B,三洋 SR-C380BV1B,http://sanlux.com.tw/s1504/files_prod/PicB/SR-C380BV1B.jpg
samlux,refrigerator,三洋 風扇雙門冰箱 310L,SR-C310B1,三洋 SR-C310B1,http://sanlux.com.tw/s1504/files_prod/PicB/SR-C310B1.jpg
samlux,refrigerator,三洋 風扇雙門冰箱 250L,SR-C250B1,三洋 SR-C250B1,http://sanlux.com.tw/s1504/files_prod/PicB/SR-C250B1.jpg
samlux,refrigerator,三洋 風扇雙門冰箱 128L,SR-C128B1,三洋 SR-C128B1,http://sanlux.com.tw/s1504/files_prod/PicB/SR-C128B1.jpg
samlux,refrigerator,三洋 雙門電冰箱 206L,SR-C206B1,三洋 SR-C206B1,http://sanlux.com.tw/s1504/files_prod/PicB/SR-C206B1.jpg
samlux,refrigerator,三洋 雙門冰箱 168L,SR-C168B,三洋 SR-C168B,http://sanlux.com.tw/s1504/files_prod/PicB/SR-C168B.jpg
samlux,refrigerator,三洋 大蔬果室定頻一級電冰箱 480L,SR-C480B1B,三洋 SR-C480B1B,http://sanlux.com.tw/s1504/files_prod/PicB/SR-C480B1B.jpg
samlux,refrigerator,三洋 大蔬果室定頻電冰箱 321L,SR-C321B1B,三洋 SR-C321B1B,http://sanlux.com.tw/s1504/files_prod/PicB/SR-C321B1B.jpg
samlux,refrigerator,三洋 小雙門定頻直冷電冰箱 102L,SR-C102B1,三洋 SR-C102B1,http://sanlux.com.tw/s1504/files_prod/PicB/SR-C102B1.jpg
samlux,refrigerator,三洋 單門冰箱 97L,SR-C97A1,三洋 SR-C97A1,http://sanlux.com.tw/s1504/files_prod/PicB/SR-C97A1.jpg
samlux,refrigerator,三洋 單門冰箱 98L,SR-C98A1,三洋 SR-C98A1,http://sanlux.com.tw/s1504/files_prod/PicB/SR-C98A1.jpg
samlux,refrigerator,三洋 單門冰箱 47L,SR-C47A6,三洋 SR-C47A6,http://sanlux.com.tw/s1504/files_prod/PicB/SR-C47A6.jpg
