sharp,refrigerator,SHARP 自動除菌離子變頻雙門電冰箱 583L SJ-SD58V-SL,SJ-SD58V-SL,SHARP SJ-SD58V-SL,https://tw.sharp//sites/default/files/styles/resize_640x640/public/2020-05/SD%E7%B3%BB%E5%88%97-583.png?itok=PKJgbwQF
sharp,refrigerator,SHARP 自動除菌離子變頻雙門電冰箱 541L SJ-SD54V-SL,SJ-SD54V-SL,SHARP SJ-SD54V-SL,https://tw.sharp//sites/default/files/styles/resize_640x640/public/2020-05/SD%E7%B3%BB%E5%88%97.png?itok=uTieG17i
sharp,refrigerator,SHARP 自動除菌離子變頻雙門電冰箱 583L SJ-GD58V-SL,SJ-GD58V-SL,SHARP SJ-GD58V-SL,https://tw.sharp//sites/default/files/styles/resize_640x640/public/2020-05/GD%E7%B3%BB%E5%88%97-583.png?itok=t-hOt01C
sharp,refrigerator,SHARP 自動除菌離子變頻雙門電冰箱 541L SJ-GD54V-SL,SJ-GD54V-SL,SHARP SJ-GD54V-SL,https://tw.sharp//sites/default/files/styles/resize_640x640/public/2020-05/GD%E7%B3%BB%E5%88%97.png?itok=Kqhk3YDS
sharp,refrigerator,SHARP 自動除菌離子變頻觸控對開冰箱 502L SJ-GX50ET-W,SJ-GX50ET-W,SHARP SJ-GX50ET-W,https://tw.sharp//sites/default/files/styles/resize_640x640/public/2019-03/SJ-GX55E-W%28%E9%96%8B%E9%96%80%29_0.png?itok=at4ehpjf
sharp,refrigerator,SHARP 自動除菌離子變頻觸控對開冰箱 502L SJ-GX50ET-R,SJ-GX50ET-R,SHARP SJ-GX50ET-R,https://tw.sharp//sites/default/files/styles/resize_640x640/public/2019-03/SJ-GX50E-R%28%E9%96%8B%E9%96%80%29.png?itok=HQtUM_pa
sharp,refrigerator,SHARP 自動除菌離子變頻觸控對開冰箱 551L SJ-GX55ET-R,SJ-GX55ET-R,SHARP SJ-GX55ET-R,https://tw.sharp//sites/default/files/styles/resize_640x640/public/2019-03/SJ-GX55E-R%28%E9%96%8B%E9%96%80%29.png?itok=b9ZQZsIc
sharp,refrigerator,SHARP 自動除菌離子變頻觸控對開冰箱 551L SJ-GX55ET-W,SJ-GX55ET-W,SHARP SJ-GX55ET-W,https://tw.sharp//sites/default/files/styles/resize_640x640/public/2019-03/SJ-GX55E-W%28%E9%96%8B%E9%96%80%29.png?itok=G1drp0Pu
sharp,refrigerator,SHARP 自動除菌離子變頻觸控左右開冰箱 502L SJ-WX50ET-R,SJ-WX50ET-R,SHARP SJ-WX50ET-R,https://tw.sharp//sites/default/files/styles/resize_640x640/public/2019-03/SJ-WX50E-R%28%E9%96%8B%E9%96%80%29_0.gif?itok=PHp7yUwt
sharp,refrigerator,SHARP 自動除菌離子變頻觸控左右開冰箱 502L SJ-WX50ET-W,SJ-WX50ET-W,SHARP SJ-WX50ET-W,https://tw.sharp//sites/default/files/styles/resize_640x640/public/2019-03/SJ-WX50E-W%28%E9%96%8B%E9%96%80%29_0.gif?itok=xxR1Lz9L
sharp,refrigerator,SHARP 自動除菌離子變頻觸控左右開冰箱 551L SJ-WX55ET-W,SJ-WX55ET-W,SHARP SJ-WX55ET-W,https://tw.sharp//sites/default/files/styles/resize_640x640/public/2019-03/SJ-WX50E-W%28%E9%96%8B%E9%96%80%29.gif?itok=KcYIeCzK
sharp,refrigerator,SHARP 自動除菌離子變頻觸控左右開冰箱 551L SJ-WX55ET-R,SJ-WX55ET-R,SHARP SJ-WX55ET-R,https://tw.sharp//sites/default/files/styles/resize_640x640/public/2019-03/SJ-WX50E-R%28%E9%96%8B%E9%96%80%29.gif?itok=9SX61FyU
sharp,refrigerator,SHARP 變頻六門對開冰箱 601L SJ-GF60BT-R ,SJ-GF60BT-R ,SHARP SJ-GF60BT-R ,https://tw.sharp//sites/default/files/styles/resize_640x640/public/2018-07/SJ-GF60BT-R.png?itok=PHlxRg3A
sharp,refrigerator,SHARP 變頻六門對開冰箱 601L SJ-GF60BT-T,SJ-GF60BT-T,SHARP SJ-GF60BT-T,https://tw.sharp//sites/default/files/styles/resize_640x640/public/2018-07/SJ-GF60BT-T.png?itok=YUjGUwsj
sharp,refrigerator,SHARP 變頻六門對開冰箱 501L SJ-GT50BT-R,SJ-GT50BT-R,SHARP SJ-GT50BT-R,https://tw.sharp//sites/default/files/styles/resize_640x640/public/2018-07/SJ-GT50BT-R.png?itok=S7BfRssj
sharp,refrigerator,SHARP 變頻六門對開冰箱 501L SJ-GT50BT-T,SJ-GT50BT-T,SHARP SJ-GT50BT-T,https://tw.sharp//sites/default/files/styles/resize_640x640/public/2018-07/SJ-GT50BT-T.png?itok=w8MOLf9K
sharp,refrigerator,SHARP 變頻左右開冰箱 440L SJ-XW44BT-N,SJ-XW44BT-N,SHARP SJ-XW44BT-N,https://tw.sharp//sites/default/files/styles/resize_640x640/public/2018-07/SJ-XW44BT-N-.png?itok=dB8dtPA7
sharp,refrigerator,SHARP 變頻雙門電冰箱 315L SJ-GX32-SL,SJ-GX32-SL,SHARP SJ-GX32-SL,https://tw.sharp//sites/default/files/styles/resize_640x640/public/2018-08/SJ-GX32-SL_0.jpg?itok=1Zee22pz
sharp,refrigerator,SHARP 變頻雙門電冰箱 287L SJ-GX29-SL,SJ-GX29-SL,SHARP SJ-GX29-SL,https://tw.sharp//sites/default/files/styles/resize_640x640/public/2018-08/SJ-GX29-SL_0.jpg?itok=Omj-tZKu
sharp,refrigerator,SHARP 變頻雙門電冰箱 253L SJ-GX25-SL,SJ-GX25-SL,SHARP SJ-GX25-SL,https://tw.sharp//sites/default/files/styles/resize_640x640/public/2018-08/SJ-GX25-SL_1.jpg?itok=gkazy4iy
