toshiba,refrigerator,東芝六門對開冰箱 極光鏡面黑/601LGR-ZP600TFW(X),GR-ZP600TFW(X),TOSHIBA GR-ZP600TFW(X),http://www.grainew.com.tw/DB/upload/product/product_20208111111497.jpg
toshiba,refrigerator,東芝六門對開冰箱 鏡面白/551LGR-ZP550TFW(UW),GR-ZP550TFW(UW),TOSHIBA GR-ZP550TFW(UW),http://www.grainew.com.tw/DB/upload/product/product_20208111111497.jpg
toshiba,refrigerator,東芝六門對開冰箱 鏡面白/508LGR-ZP510TFW(UW),GR-ZP510TFW(UW),TOSHIBA GR-ZP510TFW(UW),http://www.grainew.com.tw/DB/upload/product/product_20208111111497.jpg
toshiba,refrigerator,東芝 新A系列409(L)鏡面變頻冰箱 GR-AG461TDZ,GR-AG461TDZ,TOSHIBA GR-AG461TDZ,http://www.grainew.com.tw/DB/upload/product/product_2019591142970.jpg
toshiba,refrigerator,東芝 新A6系列 608(L) 極光鏡面  -3度C抗菌鮮凍變頻冰箱 GR-AG66T(X),GR-AG66T(X),TOSHIBA GR-AG66T(X),http://www.grainew.com.tw/DB/upload/product/product_20191189335692.jpg
toshiba,refrigerator,東芝 新A系列608(L) 無邊框設計 -3度C抗菌鮮凍變頻冰箱 GR-AG66T(GG),GR-AG66T(GG),TOSHIBA GR-AG66T(GG),http://www.grainew.com.tw/DB/upload/product/product_20191189562521.jpg
toshiba,refrigerator,東芝 新A系列510(L)鏡面變頻冰箱 GR-AG55TDZ,GR-AG55TDZ,TOSHIBA GR-AG55TDZ,http://www.grainew.com.tw/DB/upload/product/product_201872414303339.jpg
toshiba,refrigerator,東芝 新A系列473(L)鏡面變頻冰箱 GR-AG52TDZ,GR-AG52TDZ,TOSHIBA GR-AG52TDZ,http://www.grainew.com.tw/DB/upload/product/product_201872414315787.jpg
toshiba,refrigerator,東芝 新A系列192(L) 一級變頻小冰箱 GR-A25TS(S),GR-A25TS(S),TOSHIBA GR-A25TS(S),http://www.grainew.com.tw/DB/upload/product/product_201922612105414.jpg
toshiba,refrigerator,東芝 新A系列231(L) 一級變頻小冰箱 GR-A28TS(S),GR-A28TS(S),TOSHIBA GR-A28TS(S),http://www.grainew.com.tw/DB/upload/product/product_20192261252319.jpg
toshiba,refrigerator,東芝 新A系列409(L)雙門變頻冰箱 GR-A461TBZ,GR-A461TBZ,TOSHIBA GR-A461TBZ,http://www.grainew.com.tw/DB/upload/product/product_20195911423020.jpg
toshiba,refrigerator,東芝 新A6系列608(L)雙門獨家 -3度C抗菌鮮凍 GR-A66T,GR-A66T,TOSHIBA GR-A66T,http://www.grainew.com.tw/DB/upload/product/product_20191181085374.jpg
toshiba,refrigerator,東芝 新A系列510(L)雙門變頻冰箱 GR-A55TBZ,GR-A55TBZ,TOSHIBA GR-A55TBZ,http://www.grainew.com.tw/DB/upload/product/product_201872414383959.jpg
toshiba,refrigerator,東芝 新A系列473(L)雙門變頻 GR-A52TBZ,GR-A52TBZ,TOSHIBA GR-A52TBZ,http://www.grainew.com.tw/DB/upload/product/product_20187241439293.jpg
toshiba,refrigerator,東芝 新A系列330(L)雙門變頻冰箱 GR-A370TBZ,GR-A370TBZ,TOSHIBA GR-A370TBZ,http://www.grainew.com.tw/DB/upload/product/product_201872414401111.jpg
toshiba,refrigerator,東芝 新A系列305(L)雙門變頻冰箱 GR-A320TBZ,GR-A320TBZ,TOSHIBA GR-A320TBZ,http://www.grainew.com.tw/DB/upload/product/product_201872414403546.jpg
