kinyo,hairdryer,KINYO 陶瓷負離子吹風機 KH-9201PI,KH-9201PI,KINYO KH-9201PI,https://www.nakay.com.tw/_i/assets/upload/product/55382ef904cd57dbf05c872980d4bf96.jpg
kinyo,hairdryer,KINYO 陶瓷負離子吹風機 KH-9201,KH-9201,KINYO KH-9201,https://www.nakay.com.tw/_i/assets/upload/product/eec4a5c2215ca4df8541bcd4316f82c1.jpg
kinyo,hairdryer,KINYO 時尚輕巧吹風機 KH-7502,KH-7502,KINYO KH-7502,https://www.nakay.com.tw/_i/assets/upload/product/51859c21e50c17b08b36890757d2d1cf.jpg
kinyo,hairdryer,KINYO 保濕負離子專業吹風機 KH-330,KH-330,KINYO KH-330,https://www.nakay.com.tw/_i/assets/upload/product/KH-330_750.jpg
kinyo,hairdryer,KINYO 雙電壓折疊式吹風機 KH-192,KH-192,KINYO KH-192,https://www.nakay.com.tw/_i/assets/upload/product/KH-192_750.jpg
kinyo,hairdryer,KINYO 保濕負離子專業吹風機 KH-189,KH-189,KINYO KH-189,https://www.nakay.com.tw/_i/assets/upload/product/KH-189_750.jpg
kinyo,hairdryer,KINYO 專業級美髮吹風機 KH-188,KH-188,KINYO KH-188,https://www.nakay.com.tw/_i/assets/upload/product/KH-188_750.jpg
kinyo,hairdryer,KINYO 時尚專業吹風機 KH-183,KH-183,KINYO KH-183,https://www.nakay.com.tw/_i/assets/upload/product/KH-183_750.jpg
kinyo,hairdryer,KINYO 折疊式造型吹風機 KH-185,KH-185,KINYO KH-185,https://www.nakay.com.tw/_i/assets/upload/product/KH-185_750.jpg
kinyo,hairdryer,KINYO 輕巧型吹風機 KH-181,KH-181,KINYO KH-181,https://www.nakay.com.tw/_i/assets/upload/product/KH-181_750.jpg
