panasonic,hairdryer,Panasonic國際牌 極潤奈米水離子吹風機 EH-NA0E,EH-NA0E,Panasonic國際牌 EH-NA0E,https://www.panasonic.com//content/dam/pim/tw/zh/EH/EH-NA0/EH-NA0E/EH-NA0E_SeeAll.png?resize=272%3A204
panasonic,hairdryer,Panasonic國際牌 奈米水離子吹風機禮盒精裝版 EH-NA9B-P1,EH-NA9B-P1,Panasonic國際牌 EH-NA9B-P1,https://www.panasonic.com//content/dam/pim/tw/zh/EH/EH-NA9/EH-NA9B-N1/EH-NA9B-P1_SeeAll.png?resize=272%3A204
panasonic,hairdryer,Panasonic國際牌 奈米水離子吹風機 EH-NA9B,EH-NA9B,Panasonic國際牌 EH-NA9B,https://www.panasonic.com//content/dam/pim/tw/zh/EH/EH-NA9/EH-NA9B/EH-NA9B_SeeAll.png?resize=272%3A204
panasonic,hairdryer,Panasonic國際牌 奈米水離子吹風機 EH-NA46,EH-NA46,Panasonic國際牌 EH-NA46,https://www.panasonic.com//content/dam/pim/tw/zh/EH/EH-NA4/EH-NA46/EH-NA46_SeeAll.png?resize=272%3A204
panasonic,hairdryer,Panasonic國際牌 奈米水離子吹風機 EH-NA55,EH-NA55,Panasonic國際牌 EH-NA55,https://www.panasonic.com//content/dam/pim/tw/zh/EH/EH-NA5/EH-NA55/EH-NA55_SeeAll.png?resize=272%3A204
panasonic,hairdryer,Panasonic國際牌 奈米水離子吹風機 EH-NA45,EH-NA45,Panasonic國際牌 EH-NA45,https://www.panasonic.com//content/dam/pim/tw/zh/EH/EH-NA4/EH-NA45/EH-NA45-Variation_Image_for_See_All_1Global-1_tw_zh.png?resize=272%3A204
panasonic,hairdryer,Panasonic國際牌 奈米水離子吹風機 EH-NA32,EH-NA32,Panasonic國際牌 EH-NA32,https://www.panasonic.com//content/dam/pim/tw/zh/EH/EH-NA3/EH-NA32/EH-NA32_SeeAll.png?resize=272%3A204
panasonic,hairdryer,Panasonic國際牌 奈米水離子吹風機 EH-NA27,EH-NA27,Panasonic國際牌 EH-NA27,https://www.panasonic.com//content/dam/pim/tw/zh/EH/EH-NA2/EH-NA27/EH-NA27_SeeAll.png?resize=272%3A204
panasonic,hairdryer,Panasonic國際牌 雙負離子吹風機 EH-NE43,EH-NE43,Panasonic國際牌 EH-NE43,https://www.panasonic.com//content/dam/pim/tw/zh/EH/EH-NE4/EH-NE43/EH-NE43_SeeAll.png?resize=272%3A204
panasonic,hairdryer,Panasonic國際牌 雙負離子吹風機 EH-NE74,EH-NE74,Panasonic國際牌 EH-NE74,https://www.panasonic.com//content/dam/pim/tw/zh/EH/EH-NE7/EH-NE74/EH-NE74_SeeAll_229x172.png?resize=272%3A204
panasonic,hairdryer,Panasonic國際牌 雙負離子吹風機 EH-NE73,EH-NE73,Panasonic國際牌 EH-NE73,https://www.panasonic.com//content/dam/pim/tw/zh/EH/EH-NE7/EH-NE73/EH-NE73_SeeAll_229x172.png?resize=272%3A204
panasonic,hairdryer,Panasonic國際牌 負離子吹風機 EH-NE57,EH-NE57,Panasonic國際牌 EH-NE57,https://www.panasonic.com//content/dam/pim/tw/zh/EH/EH-NE5/EH-NE57/EH-NE57_SeeAll.png?resize=272%3A204
panasonic,hairdryer,Panasonic國際牌 雙負離子吹風機 EH-NE41,EH-NE41,Panasonic國際牌 EH-NE41,https://www.panasonic.com//content/dam/pim/tw/zh/EH/EH-NE4/EH-NE41/EH-NE41_seall_image_woc_0520.png?resize=272%3A204
panasonic,hairdryer,Panasonic國際牌 負離子吹風機 EH-NE21,EH-NE21,Panasonic國際牌 EH-NE21,https://www.panasonic.com//content/dam/pim/tw/zh/EH/EH-NE2/EH-NE21/EH-NE21_seeall.png?resize=272%3A204
panasonic,hairdryer,Panasonic國際牌 負離子吹風機 EH-NE11,EH-NE11,Panasonic國際牌 EH-NE11,https://www.panasonic.com//content/dam/pim/tw/zh/EH/EH-NE1/EH-NE11/EH-NE11_seeall_image_woc_0520.png?resize=272%3A204
panasonic,hairdryer,Panasonic國際牌 負離子吹風機 EH-NE14,EH-NE14,Panasonic國際牌 EH-NE14,https://www.panasonic.com//content/dam/pim/tw/zh/EH/EH-NE1/EH-NE14/EH-NE14_SeeAll_WOC_20141230.png?resize=272%3A204
panasonic,hairdryer,Panasonic國際牌 吹風機 EH-ND56,EH-ND56,Panasonic國際牌 EH-ND56,https://www.panasonic.com//content/dam/pim/tw/zh/EH/EH-ND5/EH-ND56/EH-ND56_SeeAll.png?resize=272%3A204
panasonic,hairdryer,Panasonic國際牌 吹風機 EH-5287,EH-5287,Panasonic國際牌 EH-5287,https://www.panasonic.com//content/dam/pim/tw/zh/EH/EH-528/EH-5287/EH-5287_SeeAll1029.png?resize=272%3A204
panasonic,hairdryer,Panasonic國際牌 吹風機 EH-ND51,EH-ND51,Panasonic國際牌 EH-ND51,https://www.panasonic.com//content/dam/pim/tw/zh/EH/EH-ND5/EH-ND51/EH-ND51_seeall_image_woc_0520.png?resize=272%3A204
panasonic,hairdryer,Panasonic國際牌 吹風機 EH-ND21,EH-ND21,Panasonic國際牌 EH-ND21,https://www.panasonic.com//content/dam/pim/tw/zh/EH/EH-ND2/EH-ND21/EH-ND21_seeall_image_woc_0520.png?resize=272%3A204
panasonic,hairdryer,Panasonic國際牌 吹風機 EH-ND24,EH-ND24,Panasonic國際牌 EH-ND24,https://www.panasonic.com//content/dam/pim/tw/zh/EH/EH-ND2/EH-ND24/EH-ND24_seeall_image_woc_0520.png?resize=272%3A204
panasonic,hairdryer,Panasonic國際牌 吹風機 EH-ND11,EH-ND11,Panasonic國際牌 EH-ND11,https://www.panasonic.com//content/dam/pim/tw/zh/EH/EH-ND1/EH-ND11/EH-ND11_seeall_image_woc_0520.png?resize=272%3A204
