philps,hairdryer,PHILIPS飛利浦 HP8233 吹風機,HP8233,PHILIPS HP8233,https://images.philips.com/is/image/PhilipsConsumer/HP8233_01-IMS-zh_TW?&wid=254&hei=254&$jpglarge$
philps,hairdryer,PHILIPS飛利浦 HP8232 吹風機,HP8232,PHILIPS HP8232,https://images.philips.com/is/image/PhilipsConsumer/HP8232_01-IMS-zh_TW?&wid=254&hei=254&$jpglarge$
philps,hairdryer,PHILIPS飛利浦 HP8235 吹風機,HP8235,PHILIPS HP8235,https://images.philips.com/is/image/PhilipsConsumer/HP8235_01-IMS-zh_TW?&wid=254&hei=254&$jpglarge$
philps,hairdryer,PHILIPS飛利浦 BHD006 吹風機,BHD006,PHILIPS BHD006,https://images.philips.com/is/image/PhilipsConsumer/BHD006_01-IMS-zh_TW?&wid=254&hei=254&$jpglarge$
philps,hairdryer,PHILIPS飛利浦 BHD171 吹風機,BHD171,PHILIPS BHD171,https://images.philips.com/is/image/PhilipsConsumer/BHD171_01-IMS-zh_TW?&wid=254&hei=254&$jpglarge$
philps,hairdryer,PHILIPS飛利浦 BHD007 吹風機,BHD007,PHILIPS BHD007,https://images.philips.com/is/image/PhilipsConsumer/BHD007_11-IMS-zh_TW?&wid=254&hei=254&$jpglarge$
philps,hairdryer,PHILIPS飛利浦 BHD019 吹風機,BHD019,PHILIPS BHD019,https://images.philips.com/is/image/PhilipsConsumer/BHD019_01-IMS-zh_TW?&wid=254&hei=254&$jpglarge$
philps,hairdryer,PHILIPS飛利浦 BHD029 吹風機,BHD029,PHILIPS BHD029,https://images.philips.com/is/image/PhilipsConsumer/BHD029_01-IMS-zh_TW?&wid=254&hei=254&$jpglarge$
philps,hairdryer,PHILIPS飛利浦 HP8243 吹風機,HP8243,PHILIPS HP8243,https://images.philips.com/is/image/PhilipsConsumer/HP8243_01-IMS-zh_TW?&wid=254&hei=254&$jpglarge$
philps,hairdryer,PHILIPS飛利浦 BHC010 吹風機,BHC010,PHILIPS BHC010,https://images.philips.com/is/image/PhilipsConsumer/BHC010_01-IMS-zh_TW?&wid=254&hei=254&$jpglarge$
philps,hairdryer,PHILIPS飛利浦 BHD628 吹風機,BHD628,PHILIPS BHD628,https://images.philips.com/is/image/PhilipsConsumer/BHD628_01-IMS-zh_TW?&wid=254&hei=254&$jpglarge$
