tescom,hairdryer,TESCOM 大風量負離子吹風機 TID930TW ,TID930TW ,TESCOM TID930TW ,https://tescom-japan.com.tw/upload/products/b_2011171951500000001.jpg
tescom,hairdryer,TESCOM 雙電壓負離子吹風機 BID48TW,BID48TW,TESCOM BID48TW,https://tescom-japan.com.tw/upload/products/b_2011171952360000001.jpg
tescom,hairdryer,TESCOM 大風量負離子吹風機 TID961TW ,TID961TW ,TESCOM TID961TW ,https://tescom-japan.com.tw/upload/products/b_2009081804420000001.jpg
tescom,hairdryer,TESCOM 雙電壓負離子吹風機 BID392TW,BID392TW,TESCOM BID392TW,https://tescom-japan.com.tw/upload/products/b_20091320001100000001.jpg
tescom,hairdryer,TESCOM 奈米水霧白金膠原蛋白吹風機 TCD2020TW,TCD2020TW,TESCOM TCD2020TW,https://tescom-japan.com.tw/upload/products/b_2010061924110000001.jpg
tescom,hairdryer,TESCOM 低噪音負離子吹風機 TID730TW,TID730TW,TESCOM TID730TW,https://tescom-japan.com.tw/upload/products/b_2009141743570000001.jpg
tescom,hairdryer,TESCOM 白金奈米 膠原蛋白吹風機 TCD5000TW,TCD5000TW,TESCOM TCD5000TW,https://tescom-japan.com.tw/upload/products/b_2009011055410000001.jpg
tescom,hairdryer,TESCOM 白金奈米 膠原蛋白吹風機 TCD5000TW,TCD5000TW,TESCOM TCD5000TW,https://tescom-japan.com.tw/upload/products/b_2009011104480000001.jpg
tescom,hairdryer,TESCOM 奈米水霧 膠原蛋白吹風機 TCD3000TW,TCD3000TW,TESCOM TCD3000TW,https://tescom-japan.com.tw/upload/products/b_2009011108540000001.jpg
tescom,hairdryer,TESCOM 防靜電大風量吹風機 TID2200TW,TID2200TW,TESCOM TID2200TW,https://tescom-japan.com.tw/upload/products/b_2009011133060000001.jpg
tescom,hairdryer,TESCOM 防靜電大風量吹風機 TID2200TW,TID2200TW,TESCOM TID2200TW,https://tescom-japan.com.tw/upload/products/b_2011031354010000001.jpg
tescom,hairdryer,TESCOM 高效速乾負離子吹風機 TID1100TW,TID1100TW,TESCOM TID1100TW,https://tescom-japan.com.tw/upload/products/b_2009011138070000001.jpg
tescom,hairdryer,TESCOM 高效速乾負離子吹風機 TID1100TW,TID1100TW,TESCOM TID1100TW,https://tescom-japan.com.tw/upload/products/b_2009011140340000001.jpg
tescom,hairdryer,TESCOM 大風量負離子吹風機 TID960TW,TID960TW,TESCOM TID960TW,https://tescom-japan.com.tw/upload/products/b_2009011146470000001.jpg
tescom,hairdryer,TESCOM 大風量負離子吹風機 TID960TW,TID960TW,TESCOM TID960TW,https://tescom-japan.com.tw/upload/products/b_2009011149120000001.jpg
tescom,hairdryer,TESCOM 低噪音負離子吹風機 TID721TW,TID721TW,TESCOM TID721TW,https://tescom-japan.com.tw/upload/products/b_2009011152330000001.jpg
tescom,hairdryer,TESCOM 遠紅外線負離子吹風機 TID450TW,TID450TW,TESCOM TID450TW,https://tescom-japan.com.tw/upload/products/b_2009011534300000001.jpg
tescom,hairdryer,TESCOM 遠紅外線負離子吹風機 TID456TW,TID456TW,TESCOM TID456TW,https://tescom-japan.com.tw/upload/products/b_2009011157590000001.jpg
tescom,hairdryer,TESCOM 雙電壓負離子吹風機 BID40TW,BID40TW,TESCOM BID40TW,https://tescom-japan.com.tw/upload/products/b_2009122300230000001.jpg
tescom,hairdryer,TESCOM 雙電壓負離子吹風機 BID42TW,BID42TW,TESCOM BID42TW,https://tescom-japan.com.tw/upload/products/b_2009011543010000001.jpg
tescom,hairdryer,TESCOM 自動電壓負離子吹風機 TID6JTW,TID6JTW,TESCOM TID6JTW,https://tescom-japan.com.tw/upload/products/b_2009011538580000001.jpg
tescom,hairdryer,TESCOM 自動電壓負離子吹風機 TID65JTW,TID65JTW,TESCOM TID65JTW,https://tescom-japan.com.tw/upload/products/b_2011071605290000001.png
tescom,hairdryer,TESCOM 輕量型負離子吹風機 TID292TW,TID292TW,TESCOM TID292TW,https://tescom-japan.com.tw/upload/products/b_2009081840140000001.jpg
tescom,hairdryer,TESCOM 輕量型負離子吹風機 TID192TW,TID192TW,TESCOM TID192TW,https://tescom-japan.com.tw/upload/products/b_2009081901500000001.jpg
tescom,hairdryer,TESCOM 高效速乾負離子吹風機 TID1100TW,TID1100TW,TESCOM TID1100TW,https://tescom-japan.com.tw/upload/products/b_2009011140340000001.jpg
tescom,hairdryer,TESCOM 大風量負離子吹風機 TID960TW,TID960TW,TESCOM TID960TW,https://tescom-japan.com.tw/upload/products/b_2009011146470000001.jpg
tescom,hairdryer,TESCOM 大風量負離子吹風機 TID960TW,TID960TW,TESCOM TID960TW,https://tescom-japan.com.tw/upload/products/b_2009011149120000001.jpg
tescom,hairdryer,TESCOM 低噪音負離子吹風機 TID721TW,TID721TW,TESCOM TID721TW,https://tescom-japan.com.tw/upload/products/b_2009011152330000001.jpg
tescom,hairdryer,TESCOM 遠紅外線負離子吹風機 TID450TW,TID450TW,TESCOM TID450TW,https://tescom-japan.com.tw/upload/products/b_2009011534300000001.jpg
tescom,hairdryer,TESCOM 遠紅外線負離子吹風機 TID456TW,TID456TW,TESCOM TID456TW,https://tescom-japan.com.tw/upload/products/b_2009011157590000001.jpg
tescom,hairdryer,TESCOM 雙電壓負離子吹風機 BID40TW,BID40TW,TESCOM BID40TW,https://tescom-japan.com.tw/upload/products/b_2009122300230000001.jpg
tescom,hairdryer,TESCOM 雙電壓負離子吹風機 BID42TW,BID42TW,TESCOM BID42TW,https://tescom-japan.com.tw/upload/products/b_2009011543010000001.jpg
tescom,hairdryer,TESCOM 自動電壓負離子吹風機 TID6JTW,TID6JTW,TESCOM TID6JTW,https://tescom-japan.com.tw/upload/products/b_2009011538580000001.jpg
tescom,hairdryer,TESCOM 自動電壓負離子吹風機 TID65JTW,TID65JTW,TESCOM TID65JTW,https://tescom-japan.com.tw/upload/products/b_2011071605290000001.png
tescom,hairdryer,TESCOM 輕量型負離子吹風機 TID292TW,TID292TW,TESCOM TID292TW,https://tescom-japan.com.tw/upload/products/b_2009081840140000001.jpg
tescom,hairdryer,TESCOM 輕量型負離子吹風機 TID192TW,TID192TW,TESCOM TID192TW,https://tescom-japan.com.tw/upload/products/b_2009081901500000001.jpg
