zushiang,hairdryer,日象溫熱恆溫吹風機 ZOD-210,ZOD-210,日向 ZOD-210,https://www.zushiang.com/upload/2019/08/20190827095545PEX_small.jpg
zushiang,hairdryer,日象菁采三段恆溫吹風機 ZOD-560,ZOD-560,日向 ZOD-560,https://www.zushiang.com/upload/2019/08/20190827095923yDw_small.jpg
zushiang,hairdryer,日象三段式恆溫吹風機(紅) ZOD-700,ZOD-700,日向 ZOD-700,https://www.zushiang.com/upload/2019/08/20190827100039MQW_small.jpg
zushiang,hairdryer,日象三段式恆溫吹風機(黑) ZOD-700,ZOD-700,日向 ZOD-700,https://www.zushiang.com/upload/2019/08/20190827100102BaN_small.jpg
zushiang,hairdryer,日象時尚魅紅吹風機 ZOED-1222RB,ZOED-1222RB,日向 ZOED-1222RB,https://www.zushiang.com/upload/2019/08/20190827100208KcN_small.jpg
zushiang,hairdryer,日象時尚靚麗吹風機 ZOED-1722,ZOED-1722,日向 ZOED-1722,https://www.zushiang.com/upload/2019/08/20190827100300MjF_small.jpg
zushiang,hairdryer,日象高效能恆溫吹風機 ZOD-1155,ZOD-1155,日向 ZOD-1155,https://www.zushiang.com/upload/2019/08/20190827100326FLZ_small.jpg
zushiang,hairdryer,日象頂級恆溫吹風機 ZOD-1355,ZOD-1355,日向 ZOD-1355,https://www.zushiang.com/upload/2019/08/20190827100400rgf_small.jpg
zushiang,hairdryer,日象靚蝶三段恆溫吹風機 ZOD-1577,ZOD-1577,日向 ZOD-1577,https://www.zushiang.com/upload/2019/08/20190827100459bCA_small.jpg
zushiang,hairdryer,日象水潤負離子吹風機 ZOD-1877D,ZOD-1877D,日向 ZOD-1877D,https://www.zushiang.com/upload/2019/08/20190827100639eyB_small.jpg
zushiang,hairdryer,日象晶漾折疊式恆溫吹風機 ZOD-1799F,ZOD-1799F,日向 ZOD-1799F,https://www.zushiang.com/upload/2019/08/20190827100659Dcb_small.jpg
zushiang,hairdryer,日象亮麗折疊式恆溫吹風機 ZOD-1899F,ZOD-1899F,日向 ZOD-1899F,https://www.zushiang.com/upload/2019/08/20190827100730VmX_small.jpg
zushiang,hairdryer,日象漾彩折疊式恆溫吹風機 ZOD-1999F,ZOD-1999F,日向 ZOD-1999F,https://www.zushiang.com/upload/2019/08/20190827100814kIU_small.jpg
zushiang,hairdryer,日象時尚闇夜吹風機 ZOED-3422BG,ZOED-3422BG,日向 ZOED-3422BG,https://www.zushiang.com/upload/2019/08/20190827100915pAC_small.jpg
